:020000040800F2
:1000000000000220598E00082D8A0008358A000859
:100010003D8A0008458A00084D8A0008000000005B
:100020000000000000000000000000002176000831
:10003000558A00080000000071780008D97800088F
:10004000A98E0008A98E0008A98E0008A98E0008B4
:10005000A98E0008A98E0008A98E0008A98E0008A4
:10006000A98E0008A98E0008A98E0008A98E000894
:10007000A98E0008A98E0008A98E0008A98E000884
:10008000A98E0008A98E0008A98E0008A98E000874
:10009000658A0008798A0008A98E0008A98E0008E0
:1000A000A98E0008A98E0008A98E0008A98E000854
:1000B000A98E0008A98E0008A98E0008A98E000844
:1000C000A98E0008A98E0008A98E00088D8A000854
:1000D000A98E0008A18A0008A98E0008A98E000830
:1000E000A98E0008A98E0008A98E0008A98E000814
:1000F000A98E0008B58A0008A98E0008A98E0008FC
:10010000A98E0008A98E0008A98E0008A98E0008F3
:10011000A98E0008A98E0008A98E0008A98E0008E3
:10012000C98A0008DD8A0008F18A0008058B0008EA
:10013000A98E0008A98E0008A98E0008A98E0008C3
:10014000198B00082D8B0008A98E0008A98E0008C5
:10015000A98E0008418B0008558B0008698B0008A8
:10016000A98E0008A98E0008A98E0008A98E000893
:10017000A98E0008A98E0008A98E000800000000C2
:08018000A98E0008A98E0008F9
:1001900010B5054C237833B9044B13B10448AFF3C1
:1001A00000800123237010BD100300200000000018
:1001B000506C010808B5034B1BB103490348AFF36A
:1001C000008008BD0000000014030020506C0108EE
:1001D00081F0004102E000BF83F0004330B54FEAF8
:1001E00041044FEA430594EA050F08BF90EA020F65
:1001F0001FBF54EA000C55EA020C7FEA645C7FEAF8
:10020000655C00F0E2804FEA5454D4EB5555B8BF1A
:100210006D420CDD2C4480EA020281EA030382EA8B
:10022000000083EA010180EA020281EA0303362D1D
:1002300088BF30BD11F0004F4FEA01314FF4801CF0
:100240004CEA113102D0404261EB410113F0004F02
:100250004FEA03334CEA133302D0524263EB4303B9
:1002600094EA050F00F0A780A4F10104D5F1200E57
:100270000DDB02FA0EFC22FA05F2801841F10001B2
:1002800003FA0EF2801843FA05F359410EE0A5F186
:1002900020050EF1200E012A03FA0EFC28BF4CF0B7
:1002A000020C43FA05F3C01851EBE37101F000456D
:1002B00007D54FF0000EDCF1000C7EEB00006EEB7A
:1002C0000101B1F5801F1BD3B1F5001F0CD3490804
:1002D0005FEA30004FEA3C0C04F101044FEA44525B
:1002E00012F5800F80F09A80BCF1004F08BF5FEAE2
:1002F000500C50F1000041EB045141EA050130BDC2
:100300005FEA4C0C404141EB0101013C28BFB1F5D3
:10031000801FE9D291F0000F04BF01460020B1FA1E
:1003200081F308BF2033A3F10B03B3F120020CDAF1
:100330000C3208DD02F1140CC2F10C0201FA0CF0CF
:1003400021FA02F10CE002F11402D8BFC2F1200C34
:1003500001FA02F120FA0CFCDCBF41EA0C019040EA
:10036000E41AA2BF01EB0451294330BD6FEA040433
:100370001F3C1CDA0C340EDC04F11404C4F120021E
:1003800020FA04F001FA02F340EA030021FA04F330
:1003900045EA030130BDC4F10C04C4F1200220FA87
:1003A00002F001FA04F340EA0300294630BD21FAC5
:1003B00004F0294630BD94F0000F83F4801306BF8B
:1003C00081F480110134013D4EE77FEA645C18BF7F
:1003D0007FEA655C29D094EA050F08BF90EA020F16
:1003E00005D054EA000C04BF1946104630BD91EA0E
:1003F000030F1EBF0021002030BD5FEA545C05D111
:100400004000494128BF41F0004130BD14F580044F
:100410003CBF01F5801130BD01F0004545F0FE41C3
:1004200041F470014FF0000030BD7FEA645C1ABFF8
:10043000194610467FEA655C1CBF0B46024650EA2F
:10044000013406BF52EA033591EA030F41F400215B
:1004500030BD00BF90F0000F04BF0021704730B5E1
:100460004FF4806404F132044FF000054FF00001B6
:1004700050E700BF90F0000F04BF0021704730B577
:100480004FF4806404F1320410F0004548BF40424C
:100490004FF000013EE700BF42004FEAE2014FEAA1
:1004A00031014FEA02701FBF12F07F4393F07F4F7C
:1004B00081F06051704732F07F4208BF704793F07F
:1004C0007F4F04BF41F40021704730B54FF4607492
:1004D00001F0004521F000411CE700BF50EA010295
:1004E00008BF704730B54FF000050AE050EA01023E
:1004F00008BF704730B511F0004502D5404261EBAE
:1005000041014FF4806404F132045FEA915C3FF4EE
:10051000D8AE4FF003025FEADC0C18BF03325FEA8B
:10052000DC0C18BF033202EBDC02C2F1200300FA3C
:1005300003FC20FA02F001FA03FE40EA0E0021FA61
:1005400002F11444BDE600BF70B54FF0FF0C4CF44F
:10055000E06C1CEA11541DBF1CEA135594EA0C0F01
:1005600095EA0C0F00F0DEF82C4481EA030621EA3C
:100570004C5123EA4C5350EA013518BF52EA033577
:1005800041F4801143F4801338D0A0FB02CE4FF029
:100590000005E1FB02E506F00042E0FB03E54FF059
:1005A0000006E1FB03569CF0000F18BF4EF0010E51
:1005B000A4F1FF04B6F5007F64F5407404D25FEA4D
:1005C0004E0E6D4146EB060642EAC62141EA555100
:1005D0004FEAC52040EA5E504FEACE2EB4F1FD0C42
:1005E00088BFBCF5E06F1ED8BEF1004F08BF5FEAC0
:1005F000500E50F1000041EB045170BD06F0004672
:1006000046EA010140EA020081EA0301B4EB5C041E
:10061000C2BFD4EB0C0541EA045170BD41F4801116
:100620004FF0000E013C00F3AB8014F1360FDEBF3B
:10063000002001F0004170BDC4F10004203C35DA17
:100640000C341BDC04F11404C4F1200500FA05F39A
:1006500020FA04F001FA05F240EA020001F000423B
:1006600021F0004110EBD37021FA04F642EB0601B1
:100670005EEA430E08BF20EAD37070BDC4F10C04DB
:10068000C4F1200500FA04F320FA05F001FA04F29F
:1006900040EA020001F0004110EBD37041F100018B
:1006A0005EEA430E08BF20EAD37070BDC4F1200596
:1006B00000FA05F24EEA020E20FA04F301FA05F2FE
:1006C00043EA020321FA04F001F0004121FA04F2A6
:1006D00020EA020000EBD3705EEA430E08BF20EA76
:1006E000D37070BD94F0000F0FD101F000464000B0
:1006F00041EB010111F4801F08BF013CF7D041EA32
:10070000060195F0000F18BF704703F00046520035
:1007100043EB030313F4801F08BF013DF7D043EA06
:100720000603704794EA0C0F0CEA135518BF95EABC
:100730000C0F0CD050EA410618BF52EA4306D1D143
:1007400081EA030101F000414FF0000070BD50EA62
:10075000410606BF1046194652EA430619D094EAEC
:100760000C0F02D150EA013613D195EA0C0F05D1D6
:1007700052EA03361CBF104619460AD181EA03012A
:1007800001F0004141F0FE4141F470014FF00000E2
:1007900070BD41F0FE4141F4780170BD70B54FF07D
:1007A000FF0C4CF4E06C1CEA11541DBF1CEA1355FD
:1007B00094EA0C0F95EA0C0F00F0A7F8A4EB0504DF
:1007C00081EA030E52EA03354FEA013100F08880D6
:1007D0004FEA03334FF0805545EA131343EA12639F
:1007E0004FEA022245EA111545EA10654FEA002654
:1007F0000EF000419D4208BF964244F1FD0404F50D
:10080000407402D25B084FEA3202B61A65EB030568
:100810005B084FEA32024FF480104FF4002CB6EB25
:10082000020E75EB030E22BFB61A754640EA0C00A5
:100830005B084FEA3202B6EB020E75EB030E22BFE5
:10084000B61A754640EA5C005B084FEA3202B6EB26
:10085000020E75EB030E22BFB61A754640EA9C00E5
:100860005B084FEA3202B6EB020E75EB030E22BFB5
:10087000B61A754640EADC0055EA060E18D04FEA73
:10088000051545EA16754FEA06164FEAC30343EA13
:1008900052734FEAC2025FEA1C1CC0D111F4801FE0
:1008A0000BD141EA00014FF000004FF0004CB6E7D9
:1008B00011F4801F04BF01430020B4F1FD0C88BF78
:1008C000BCF5E06F3FF6AFAEB5EB030C04BFB6EB83
:1008D000020C5FEA500C50F1000041EB045170BD76
:1008E0000EF0004E4EEA113114EB5C04C2BFD4EBA3
:1008F0000C0541EA045170BD41F480114FF0000E27
:10090000013C90E645EA060E8DE60CEA135594EAA2
:100910000C0F08BF95EA0C0F3FF43BAF94EA0C0FA5
:100920000AD150EA01347FF434AF95EA0C0F7FF41A
:1009300025AF104619462CE795EA0C0F06D152EA6E
:1009400003353FF4FDAE1046194622E750EA410652
:1009500018BF52EA43067FF4C5AE50EA41047FF463
:100960000DAF52EA43057FF4EBAE12E74FF0FF3CC8
:1009700006E000BF4FF0010C02E000BF4FF0010C99
:100980004DF804CD4FEA410C7FEA6C5C4FEA430C12
:1009900018BF7FEA6C5C1BD001B050EA410C0CBF61
:1009A00052EA430C91EA030F02BF90EA020F0020C3
:1009B000704710F1000F91EA030F58BF994208BF2A
:1009C00090422CBFD8176FEAE37040F001007047E7
:1009D0004FEA410C7FEA6C5C02D150EA013C07D13E
:1009E0004FEA430C7FEA6C5CD6D152EA033CD3D089
:1009F0005DF8040B704700BF8446104662468C4683
:100A00001946634600E000BF01B5FFF7B7FF0028B5
:100A100048BF10F1000F01BD4DF808EDFFF7F4FFDE
:100A20000CBF012000205DF808FB00BF4DF808ED69
:100A3000FFF7EAFF34BF012000205DF808FB00BF8C
:100A40004DF808EDFFF7E0FF94BF012000205DF8AE
:100A500008FB00BF4DF808EDFFF7CEFF94BF012063
:100A600000205DF808FB00BF4DF808EDFFF7C4FF5C
:100A700034BF012000205DF808FB00BF4FEA4102AF
:100A800012F5001215D211D56FF47873B3EB6252E0
:100A900012D94FEAC12343F0004343EA505311F007
:100AA000004F23FA02F018BF404270474FF0000099
:100AB000704750EA013005D111F0004008BF6FF0D7
:100AC000004070474FF00000704700BF4A0011D24D
:100AD00012F5001211D20DD56FF47873B3EB625298
:100AE0000ED44FEAC12343F0004343EA505323FAA4
:100AF00002F070474FF00000704750EA013002D119
:100B00004FF0FF3070474FF0000070474FEA41024E
:100B1000B2F1E04324BFB3F5001CDCF1FE5C0DD95B
:100B200001F0004C4FEAC0024CEA5070B2F1004FA5
:100B300040EB830008BF20F00100704711F0804FA8
:100B400021D113F13872BCBF01F00040704741F46D
:100B500080114FEA5252C2F11802C2F1200C10FA71
:100B60000CF320FA02F018BF40F001004FEAC12355
:100B70004FEAD32303FA0CFC40EA0C0023FA02F3F9
:100B80004FEA4303CCE77FEA625307D150EA0133CF
:100B90001EBF4FF0FE4040F44000704701F000409F
:100BA00040F0FE4040F40000704700BF53B94AB91E
:100BB000002908BF00281CBF4FF0FF314FF0FF3065
:100BC00000F088B9ADF1080C6DE904CE00F006F82C
:100BD000DDF804E0DDE9022304B070472DE9F047B9
:100BE000089D8E4604468846002B4AD18A42174605
:100BF00062D9B2FA82F64EB1C6F1200301FA06F8C4
:100C000020FA03F3B74043EA0808B4404FEA174E0E
:100C10001FFA87FCB8FBFEF1230C0EFB118843EA98
:100C2000084301FB0CF29A4209D9FB1801F1FF308D
:100C300080F0EA809A4240F2E78002393B449A1AF7
:100C4000A3B2B2FBFEF00EFB102243EA024300FB0C
:100C50000CFC9C4509D9FB1800F1FF3280F0D680CE
:100C60009C4540F2D3803B44023840EA0140A3EB6C
:100C70000C0300211DB1F3400022C5E90032BDE89C
:100C8000F0878B4205D90DB1C5E900010021084666
:100C9000F5E7B3FA83F1002946D1734502D38242C6
:100CA00000F20581841A6EEB030201209046002DAC
:100CB000E5D0C5E90048E2E7002A00F09080B2FAEA
:100CC00082F6002E40F0A4808A1A030C4FEA174ED9
:100CD00080B2BCB20121B2FBFEFC0EFB1C2243EA37
:100CE000024304FB0CF29A4207D9FB180CF1FF38BF
:100CF00002D29A4200F2E080C4469B1AB3FBFEF295
:100D00000EFB123340EA034302FB04F49C4207D972
:100D1000FB1802F1FF3002D29C4200F2CA80024668
:100D20001B1B42EA0C40A5E7C1F120068B4022FACA
:100D300006F71F430EFA01F420FA06F32EFA06FE18
:100D40004FEA1749234300FA01F81FFA87FCBEFB5C
:100D5000F9F01C0C09FB10EE44EA0E4400FB0CFEFB
:100D6000A64502FA01F209D93C1900F1FF3A80F0D8
:100D70009C80A64540F2998002383C44A4EB0E04C6
:100D80001FFA83FEB4FBF9F309FB13444EEA044453
:100D900003FB0CFCA44508D93C1903F1FF3E80F08D
:100DA0008280A4457FD9023B3C4443EA0040A4EB47
:100DB0000C04A0FB02EC64457346E14662D35FD0AD
:100DC0005DB1B8EB030264EB090404FA06F622FAFB
:100DD00001F31E43CC40C5E9006400214FE7B1FB9D
:100DE000F2FC010C41EA0E4180B240EA01423B466E
:100DF00038463C46B846BE462026B1FBF7F1A2EB8A
:100E0000080241EA0C4166E7014618E710462CE764
:100E1000C6F120022EFA02F3B740B14020FA02F2E6
:100E20004FEA174E0A43B3FBFEF8BCB20EFB183371
:100E3000110C41EA034108FB04F9B04089454FEA2F
:100E4000104380B23ED9791808F1FF3C01D28945A0
:100E50001FD8A1EB0901B1FBFEF909FB04F80EFB59
:100E6000191192B242EA0142424529D2BA1809F157
:100E7000FF31C4D24245C2D2A9F102013A44BEE7D1
:100E8000F0459DD2BEEB02036CEB070C0138E14646
:100E900096E7A7EB09094944A8F1020CB1FBFEF95A
:100EA00009FB04F8DBE773467FE7504666E7084630
:100EB000FDE63B44023A33E7ACF1020C3B441CE74D
:100EC00049469CE7A1EB0901C446B1FBFEF909FBC9
:100ED00004F8C4E7704700BF10F8012B11F8013B7C
:100EE000012A28BF9A42F7D0D01A704700000000AC
:100EF00001F0FF01102A2BDB10F0070F08D010F8CB
:100F0000013B013A8B422DD010F0070F42B3F6D1CE
:100F1000F0B441EA012141EA014122F007047FF0E7
:100F200000070023F0E80256083C85EA010586EA3E
:100F3000010685FA47F5A3FA87F586FA47F6A5FA7A
:100F400087F68EB9EED1F0BC01F0FF0102F0070286
:100F500032B110F8013B013A83EA010313B1F8D131
:100F60000020704701387047002D06BF3546033812
:100F7000073815F0010F07D1013015F4807F02BF4B
:100F8000013015F4C03F0130F0BC0138704700BF9C
:100F9000034613F8012B002AFBD1181A01387047B9
:100FA00080B400AF064BD3F88830054A43F4700391
:100FB000C2F8883000BFBD465DF8047B704700BFB3
:100FC00000ED00E080B582B000AF78607B68002B58
:100FD00001D1012341E07B6893F83D30DBB2002B67
:100FE00006D17B68002283F83C20786800F039F84D
:100FF0007B68022283F83D207B681A687B68043393
:101000001946104600F0D2FA7B68012283F8462088
:101010007B68012283F83E207B68012283F83F2011
:101020007B68012283F840207B68012283F84120FD
:101030007B68012283F842207B68012283F84320E9
:101040007B68012283F844207B68012283F84520D5
:101050007B68012283F83D20002318460837BD46EF
:1010600080BD80B483B000AF786000BF0C37BD4650
:101070005DF8047B7047000080B485B000AF7860F5
:101080007B6893F83D30DBB2012B01D001234EE0A9
:101090007B68022283F83D207B681B68DA687B68E6
:1010A0001B6842F00102DA607B681B68234A9342A6
:1010B00022D07B681B68B3F1804F1DD07B681B6812
:1010C0001F4A934218D07B681B681E4A934213D074
:1010D0007B681B681C4A93420ED07B681B681B4AC6
:1010E000934209D07B681B68194A934204D07B68FD
:1010F0001B68184A934211D17B681B689B6803F0F8
:101100000703FB60FB68062B10D07B681B681A681E
:101110007B681B6842F001021A6007E07B681B686D
:101120001A687B681B6842F001021A6000231846A7
:101130001437BD465DF8047B704700BF00000140D6
:101140000004004000080040000C00400004014082
:10115000004001400018004080B582B000AF7860C8
:101160007B68002B01D1012341E07B6893F83D307F
:10117000DBB2002B06D17B68002283F83C20786824
:1011800007F0E4F97B68022283F83D207B681A6847
:101190007B6804331946104600F008FA7B68012288
:1011A00083F846207B68012283F83E207B68012279
:1011B00083F83F207B68012283F840207B6801226E
:1011C00083F841207B68012283F842207B6801225A
:1011D00083F843207B68012283F844207B68012246
:1011E00083F845207B68012283F83D2000231846C0
:1011F0000837BD4680BD80B584B000AF78607B689D
:101200001B68DB68FB607B681B681B69BB60BB6895
:1012100003F00203002B20D0FB6803F00203002B35
:101220001BD07B681B686FF002021A617B68012289
:101230001A777B681B689B6903F00303002B03D0BC
:10124000786800F095F905E0786800F087F978682B
:1012500000F098F97B6800221A77BB6803F004035A
:10126000002B20D0FB6803F00403002B1BD07B680D
:101270001B686FF004021A617B6802221A777B6890
:101280001B689B6903F44073002B03D0786800F05F
:101290006FF905E0786800F061F9786800F072F99C
:1012A0007B6800221A77BB6803F00803002B20D06C
:1012B000FB6803F00803002B1BD07B681B686FF0F2
:1012C00008021A617B6804221A777B681B68DB6955
:1012D00003F00303002B03D0786800F049F905E020
:1012E000786800F03BF9786800F04CF97B680022E0
:1012F0001A77BB6803F01003002B20D0FB6803F0C3
:101300001003002B1BD07B681B686FF010021A6162
:101310007B6808221A777B681B68DB6903F44073DB
:10132000002B03D0786800F023F905E0786800F01E
:1013300015F9786800F026F97B6800221A77BB68F7
:1013400003F00103002B0CD0FB6803F00103002B1A
:1013500007D07B681B686FF001021A61786806F09D
:1013600097FBBB6803F08003002B0CD0FB6803F0F5
:101370008003002B07D07B681B686FF080021A6126
:10138000786800F041FCBB6803F04003002B0CD0F0
:10139000FB6803F04003002B07D07B681B686FF0ED
:1013A00040021A61786800F0F7F8BB6803F0200388
:1013B000002B0CD0FB6803F02003002B07D07B68C8
:1013C0001B686FF020021A61786800F013FC00BF00
:1013D0001037BD4680BD000080B586B000AFF86014
:1013E000B9607A600023FB75FB6893F83C30012BF1
:1013F00001D10223AEE0FB68012283F83C207B6828
:101400000C2B00F29F8001A252F823F04114000837
:101410004515000845150008451500088114000809
:10142000451500084515000845150008C3140008B7
:101430004515000845150008451500080315000866
:10144000FB681B68B968184600F056F9FB681B6812
:101450009A69FB681B6842F008029A61FB681B6886
:101460009A69FB681B6822F004029A61FB681B689A
:101470009969BB681A69FB681B680A439A6164E052
:10148000FB681B68B968184600F0A6F9FB681B6882
:101490009A69FB681B6842F400629A61FB681B68EA
:1014A0009A69FB681B6822F480629A61FB681B687A
:1014B0009969BB681B691A02FB681B680A439A6139
:1014C00043E0FB681B68B968184600F0FBF9FB684D
:1014D0001B68DA69FB681B6842F00802DA61FB6886
:1014E0001B68DA69FB681B6822F00402DA61FB689A
:1014F0001B68D969BB681A69FB681B680A43DA6113
:1015000023E0FB681B68B968184600F04FFAFB68D7
:101510001B68DA69FB681B6842F40062DA61FB68E9
:101520001B68DA69FB681B6822F48062DA61FB6879
:101530001B68D969BB681B691A02FB681B680A43F0
:10154000DA6102E00123FB7500BFFB68002283F82B
:101550003C20FB7D18461837BD4680BD80B483B063
:1015600000AF786000BF0C37BD465DF8047B704764
:1015700080B483B000AF786000BF0C37BD465DF823
:10158000047B704780B483B000AF786000BF0C3735
:10159000BD465DF8047B704780B483B000AF7860CF
:1015A00000BF0C37BD465DF8047B704780B485B042
:1015B00000AF786039607B681B68FB607B68434ADA
:1015C000934213D07B68B3F1804F0FD07B68404AC1
:1015D00093420BD07B683F4A934207D07B683E4AD8
:1015E000934203D07B683D4A934208D1FB6823F0C5
:1015F0007003FB603B685B68FA681343FB607B68C1
:10160000324A93422BD07B68B3F1804F27D07B685E
:101610002F4A934223D07B682E4A93421FD07B6887
:101620002D4A93421BD07B682C4A934217D07B688B
:101630002B4A934213D07B682A4A93420FD07B688F
:10164000294A93420BD07B68284A934207D07B6893
:10165000274A934203D07B68264A934208D1FB680D
:1016600023F44073FB603B68DB68FA681343FB605C
:10167000FB6823F080023B685B691343FB603B68B7
:101680009A687B68DA623B681A687B689A627B6852
:101690000E4A934203D07B68104A934203D13B68C1
:1016A0001A697B681A637B681B6843F004027B68D5
:1016B0001A607B6801225A617B68FA681A6000BF71
:1016C0001437BD465DF8047B704700BF0000014041
:1016D0000004004000080040000C004000040140ED
:1016E0000040014000440140004801400018004013
:1016F000001C00400020004080B487B000AF78603C
:1017000039607B681B6A7B617B681B6A23F001027E
:101710007B681A627B685B683B617B689B69FB60E6
:10172000FB6823F07003FB60FB6823F00303FB609E
:101730003B681B68FA681343FB607B6923F0020374
:101740007B613B689B687A6913437B617B68204AB5
:10175000934203D07B681F4A93420CD17B6923F0EC
:1017600008037B613B68DB687A6913437B617B69B3
:1017700023F004037B617B68154A934203D07B68A6
:10178000144A934211D13B6923F480733B613B6956
:1017900023F400733B613B685B693A6913433B6127
:1017A0003B689B693A6913433B617B683A695A60BD
:1017B0007B68FA689A613B685A687B685A637B6801
:1017C0007A691A6200BF1C37BD465DF8047B70471A
:1017D000000001400004014080B487B000AF786091
:1017E00039607B681B6A7B617B681B6A23F010028F
:1017F0007B681A627B685B683B617B689B69FB6006
:10180000FB6823F4E043FB60FB6823F44073FB6058
:101810003B681B681B02FA681343FB607B6923F07B
:1018200020037B613B689B681B017A6913437B61E2
:101830007B68224A934203D07B68214A93420DD1B0
:101840007B6923F080037B613B68DB681B017A695D
:1018500013437B617B6923F040037B617B68174AFC
:10186000934203D07B68164A934213D13B6923F419
:1018700080633B613B6923F400633B613B685B69C8
:101880009B003A6913433B613B689B699B003A6943
:1018900013433B617B683A695A607B68FA689A61D6
:1018A0003B685A687B689A637B687A691A6200BFF2
:1018B0001C37BD465DF8047B704700BF0000014047
:1018C0000004014080B487B000AF786039607B6865
:1018D0001B6A7B617B681B6A23F480727B681A62D7
:1018E0007B685B683B617B68DB69FB60FB6823F0BE
:1018F0007003FB60FB6823F00303FB603B681B681D
:10190000FA681343FB607B6923F400737B613B68D7
:101910009B681B027A6913437B617B68214A93426F
:1019200003D07B68204A93420DD17B6923F4006386
:101930007B613B68DB681B027A6913437B617B69CF
:1019400023F480637B617B68164A934203D07B68F3
:10195000154A934213D13B6923F480533B613B69A1
:1019600023F400533B613B685B691B013A691343F5
:101970003B613B689B691B013A6913433B617B6890
:101980003A695A607B68FA68DA613B685A687B6832
:10199000DA637B687A691A6200BF1C37BD465DF85E
:1019A000047B7047000001400004014080B487B010
:1019B00000AF786039607B681B6A3B617B681B6A9B
:1019C00023F480527B681A627B685B687B617B686A
:1019D000DB69FB60FB6823F4E043FB60FB6823F4F6
:1019E0004073FB603B681B681B02FA681343FB6093
:1019F0003B6923F400533B613B689B681B033A69D6
:101A000013433B617B68124A934203D07B68114ABF
:101A1000934209D17B6923F480437B613B685B6916
:101A20009B017A6913437B617B687A695A607B68A2
:101A3000FA68DA613B685A687B681A647B683A69BD
:101A40001A6200BF1C37BD465DF8047B704700BFBB
:101A5000000001400004014080B485B000AF786010
:101A600039607B6893F83C30012B01D102235AE0A6
:101A70007B68012283F83C207B68022283F83D20AA
:101A80007B681B685B68FB607B681B689B68BB604E
:101A9000FB6823F07003FB603B681B68FA68134324
:101AA000FB607B681B68FA685A607B681B68214A88
:101AB000934222D07B681B68B3F1804F1DD07B68B6
:101AC0001B681D4A934218D07B681B681B4A9342CF
:101AD00013D07B681B681A4A93420ED07B681B6840
:101AE000184A934209D07B681B68174A934204D076
:101AF0007B681B68154A93420CD1BB6823F08003B6
:101B0000BB603B685B68BA681343BB607B681B685B
:101B1000BA689A607B68012283F83D207B680022C6
:101B200083F83C20002318461437BD465DF8047B3B
:101B3000704700BF00000140000400400008004062
:101B4000000C00400004014000400140001800402B
:101B500080B485B000AF786039600023FB607B689B
:101B600093F83C30012B01D102233DE07B68012238
:101B700083F83C20FB6823F0FF023B68DB681343DB
:101B8000FB60FB6823F440723B689B681343FB6077
:101B9000FB6823F480623B685B681343FB60FB686F
:101BA00023F400623B681B681343FB60FB6823F46B
:101BB00080523B681B691343FB60FB6823F40052AF
:101BC0003B685B691343FB60FB6823F480423B681E
:101BD000DB691343FB607B681B68FA685A647B68A7
:101BE000002283F83C20002318461437BD465DF8D8
:101BF000047B704780B483B000AF786000BF0C37BF
:101C0000BD465DF8047B704780B483B000AF786058
:101C100000BF0C37BD465DF8047B704780B584B0CB
:101C200000AF78607B68002B01D10123EDE07B6879
:101C300093F82030DBB2002B02D1786806F014F95B
:101C40007B681B681A687B681B6842F001021A6097
:101C500002F00EFAF86012E002F00AFA0246FB689F
:101C6000D31A0A2B0BD97B685B6A43F400327B687A
:101C70005A627B68052283F820200123C5E07B6837
:101C80001B685B6803F00103002BE5D07B681B68D1
:101C90001A687B681B6822F002021A6002F0E8F9F9
:101CA000F86012E002F0E4F90246FB68D31A0A2B4E
:101CB0000BD97B685B6A43F400327B685A627B68AD
:101CC000052283F8202001239FE07B681B685B6866
:101CD00003F00203002BE5D17B681B7E012B08D1AA
:101CE0007B681B681A687B681B6842F080021A6078
:101CF00007E07B681B681A687B681B6822F080021B
:101D00001A607B685B7E012B08D17B681B681A68B0
:101D10007B681B6842F040021A6007E07B681B6822
:101D20001A687B681B6822F040021A607B689B7E01
:101D3000012B08D17B681B681A687B681B6842F01E
:101D400020021A6007E07B681B681A687B681B68C2
:101D500022F020021A607B68DB7E012B08D17B68B1
:101D60001B681A687B681B6822F010021A6007E083
:101D70007B681B681A687B681B6842F010021A6057
:101D80007B681B7F012B08D17B681B681A687B6806
:101D90001B6842F008021A6007E07B681B681A683B
:101DA0007B681B6822F008021A607B685B7F012B4E
:101DB00008D17B681B681A687B681B6842F00402C4
:101DC0001A6007E07B681B681A687B681B6822F052
:101DD00004021A607B689A687B68DB681A437B6838
:101DE0001B691A437B685B6942EA03017B685B6895
:101DF0005A1E7B681B680A43DA617B6800225A62BC
:101E00007B68012283F82020002318461037BD4646
:101E100080BD000080B487B000AF786039607B6817
:101E200093F82030FB75FB7D012B03D0FB7D022B4B
:101E300040F0BE80654B3B613B69D3F8003243F014
:101E400001023B69C3F800223B69D3F8003223F456
:101E50007C523B69C3F800223B69D3F800223B68FF
:101E60005B6A1B021A433B69C3F800223B685B694B
:101E700003F01F03012202FA03F3FB603B69D3F86E
:101E80001C22FB68DB431A403B69C3F81C223B68F9
:101E9000DB69002B23D13B69D3F80C22FB68DB43C1
:101EA0001A403B69C3F80C223B68DB6819043B68A5
:101EB0005B689BB23A68526919433B69483243F800
:101EC00032103B689B6819043B681B689AB23B68F8
:101ED0005B690A4339694833DB000B445A603B684D
:101EE000DB69012B22D13B69D3F80C22FB681A4332
:101EF0003B69C3F80C223B681B6819043B685B68AC
:101F00009BB23A68526919433B69483243F8321030
:101F10003B689B6819043B68DB689AB23B685B6965
:101F20000A4339694833DB000B445A603B689B69BC
:101F3000002B09D13B69D3F80422FB68DB431A402C
:101F40003B69C3F8042207E03B69D3F80422FB682D
:101F50001A433B69C3F804223B681B69002B09D173
:101F60003B69D3F81422FB68DB431A403B69C3F892
:101F7000142207E03B69D3F81422FB681A433B693B
:101F8000C3F814223B681B6A012B07D13B69D3F8C5
:101F90001C22FB681A433B69C3F81C223B69D3F837
:101FA000003223F001023B69C3F80022002306E05F
:101FB0007B685B6A43F480227B685A62012318467F
:101FC0001C37BD465DF8047B704700BF00640040CD
:101FD00080B584B000AF78607B6893F82030DBB2C6
:101FE000012B2ED17B68022283F820207B681B689E
:101FF0001A687B681B6822F001021A6002F038F848
:10200000F86012E002F034F80246FB68D31A0A2B9B
:102010000BD97B685B6A43F400327B685A627B6849
:10202000052283F82020012312E07B681B685B688F
:1020300003F00103002BE5D17B6800225A620023E4
:1020400006E07B685B6A43F400227B685A620123E6
:1020500018461037BD4680BD80B489B000AFF86027
:10206000B9607A603B60FB6893F82030FB77FB68CF
:102070001B689B68BB61FB7F012B03D0FB7F022B9E
:1020800040F0AD80BB6903F08063002B0AD1BB69CF
:1020900003F00063002B05D1BB6903F08053002BD4
:1020A00000F09580BB691B0E03F003037B610122E6
:1020B0007B699A403B681A60BB689B68002B0DD116
:1020C000BB681B685A05BB68DB68F96809681A4376
:1020D0007B6918331B010B441A600FE0BB685B6817
:1020E000DA00BB689B681A43BB68DB68F96809685B
:1020F0001A437B6918331B010B441A60FB6819688B
:10210000BB681A697B6918331B010B4404331A60DE
:10211000BB681B7D012B11D1FB681A687B691833E2
:102120001B01134404331B68FA68116843F480727E
:102130007B6918331B010B4404331A607B68073337
:102140001B781A067B6806331B781B041A437B68CE
:1021500005331B781B0213437A6804321278104649
:10216000FA68116843EA00027B691B010B4403F51E
:10217000C6731A607B6803331B781A067B680233C8
:102180001B781B041A437B6801331B781B02134323
:102190007A6812781046FA68116843EA00027B698F
:1021A0001B010B4403F5C4731A60FB681A687B6952
:1021B00018331B0113441B68FA68116843F00102CD
:1021C0007B6918331B010B441A6000230EE0FB6887
:1021D0005B6A43F40012FB685A62012306E0FB6865
:1021E0005B6A43F48022FB685A6201231846243755
:1021F000BD465DF8047B704780B485B000AF786061
:102200000023FB607B6893F82030FB72FB7A012B84
:1022100002D0FB7A022B1DD17B681B689B6803F000
:102220008063002B02D0FB680133FB607B681B6876
:102230009B6803F00063002B02D0FB680133FB6056
:102240007B681B689B6803F08053002B02D0FB68FF
:102250000133FB60FB6818461437BD465DF8047B0C
:10226000704780B487B000AFF860B9607A603B60B7
:10227000FB6893F82030FB75FB7D012B03D0FB7DC1
:10228000022B40F00381BB68002B0ED1FB681B685A
:10229000DB6803F00303002B16D1FB685B6A43F491
:1022A0000012FB685A620123F7E0FB681B681B6998
:1022B00003F00303002B07D1FB685B6A43F40012B1
:1022C000FB685A620123E8E0FB681A68BB681B33AD
:1022D0001B0113441B6803F004027B689A607B684F
:1022E0009B68002B0CD1FB681A68BB681B331B0171
:1022F00013441B685B0DC3F30A027B681A600BE092
:10230000FB681A68BB681B331B0113441B68DB089E
:1023100023F060427B685A60FB681A68BB681B3315
:102320001B0113441B6803F002027B68DA60FB6840
:102330001A68BB681B331B01134404331B6803F08A
:102340000803002B03D07B6808221A610BE0FB68AE
:102350001A68BB681B331B01134404331B6803F06A
:102360000F027B681A61FB681A68BB681B331B018C
:10237000134404331B681B0ADAB27B689A61FB685A
:102380001A68BB681B331B01134404331B681B0C06
:102390009AB27B685A61FB681A68BB681B011344D8
:1023A00003F5DC731B68DAB23B681A70FB681A68C5
:1023B000BB681B01134403F5DC731B681A0A3B68F6
:1023C0000133D2B21A70FB681A68BB681B01134450
:1023D00003F5DC731B681A0C3B680233D2B21A7027
:1023E000FB681A68BB681B01134403F5DC731B68A8
:1023F0001A0E3B680333D2B21A70FB681A68BB68C6
:102400001B01134403F5DE731A683B680433D2B230
:102410001A70FB681A68BB681B01134403F5DE736E
:102420001B681A0A3B680533D2B21A70FB681A6837
:10243000BB681B01134403F5DE731B681A0C3B6871
:102440000633D2B21A70FB681A68BB681B011344CA
:1024500003F5DE731B681A0E3B680733D2B21A709D
:10246000BB68002B08D1FB681B68DA68FB681B6837
:1024700042F02002DA6007E0FB681B681A69FB681B
:102480001B6842F020021A61002306E0FB685B6AC9
:1024900043F48022FB685A62012318461C37BD466C
:1024A0005DF8047B704780B485B000AF7860396018
:1024B0000023FB607B6893F82030FB72FB7A012BD2
:1024C00002D0FB7A022B0FD13B68002B06D17B6830
:1024D0001B68DB6803F00303FB6005E07B681B6897
:1024E0001B6903F00303FB60FB6818461437BD4605
:1024F0005DF8047B704780B485B000AF78603960C8
:102500007B6893F82030FB73FB7B012B02D0FB7BB5
:10251000022B09D17B681B6859697B681B683A6884
:102520000A435A61002306E07B685B6A43F4802219
:102530007B685A62012318461437BD465DF8047B58
:10254000704780B58AB000AF786000237B627B68FB
:102550001B685B693B627B681B685B68FB617B682F
:102560001B689B68BB617B681B68DB687B617B6861
:102570001B681B693B617B681B689B69FB603B6A4E
:1025800003F00103002B7CD0BB6903F00103002B97
:1025900023D07B681B6801229A60BB6903F00203A9
:1025A000002B03D0786800F083F916E0BB6903F0D4
:1025B0000403002B04D07B6A43F400637B620CE0CD
:1025C000BB6903F00803002B04D07B6A43F48053FB
:1025D0007B6202E0786800F089F9BB6903F48073DC
:1025E000002B24D07B681B684FF480729A60BB6913
:1025F00003F40073002B03D0786800F063F916E051
:10260000BB6903F48063002B04D07B6A43F400535E
:102610007B620CE0BB6903F40063002B04D07B6A8F
:1026200043F480437B6202E0786800F069F9BB699B
:1026300003F48033002B24D07B681B684FF4803276
:102640009A60BB6903F40033002B03D0786800F074
:1026500043F916E0BB6903F48023002B04D07B6AA6
:1026600043F400437B620CE0BB6903F40023002BBE
:1026700004D07B6A43F480337B6202E0786800F028
:1026800049F93B6A03F00803002B0CD07B6903F087
:102690001003002B07D07B6A43F400737B627B68D6
:1026A0001B681022DA603B6A03F00403002B0BD096
:1026B0007B6903F00803002B06D07B681B680822A7
:1026C000DA60786800F030F93B6A03F00203002B0F
:1026D00009D07B681B68DB6803F00303002B02D082
:1026E000786807F005F83B6A03F04003002B0CD034
:1026F0003B6903F01003002B07D07B6A43F480632F
:102700007B627B681B6810221A613B6A03F020031E
:10271000002B0BD03B6903F00803002B06D07B682D
:102720001B6808221A61786800F008F93B6A03F018
:102730001003002B09D07B681B681B6903F003039F
:10274000002B02D0786806F0DFFF3B6A03F4003309
:10275000002B0BD0FB6903F01003002B06D07B6825
:102760001B6810225A60786800F0F2F83B6A03F4A4
:102770008033002B0BD0FB6903F00803002B06D03D
:102780007B681B6808225A60786800F0EBF83B6AA7
:1027900003F40043002B7BD0FB6903F00403002B00
:1027A00072D03B6A03F48073002B08D0FB6803F0FF
:1027B0000103002B03D07B6A43F001037B623B6A79
:1027C00003F40073002B08D0FB6803F00203002B16
:1027D00003D07B6A43F002037B623B6A03F48063AD
:1027E000002B08D0FB6803F00403002B03D07B6AA6
:1027F00043F004037B623B6A03F40063002B43D085
:10280000FB6803F07003002B3ED0FB6803F07003FD
:10281000602B2BD0602B2ED8502B22D0502B2AD8B7
:10282000402B19D0402B26D8302B10D0302B22D85B
:10283000102B02D0202B05D01DE07B6A43F008034B
:102840007B6219E07B6A43F010037B6214E07B6AD1
:1028500043F020037B620FE07B6A43F040037B621E
:102860000AE07B6A43F080037B6205E07B6A43F405
:1028700080737B6200E000BF7B681B689A697B689D
:102880001B6822F070029A617B681B6804225A6000
:102890007B6A002B08D07B685A6A7B6A1A437B6884
:1028A0005A62786800F068F800BF2837BD4680BDDE
:1028B00080B483B000AF786000BF0C37BD465DF8D0
:1028C000047B704780B483B000AF786000BF0C37E2
:1028D000BD465DF8047B704780B483B000AF78607C
:1028E00000BF0C37BD465DF8047B704780B483B0F1
:1028F00000AF786000BF0C37BD465DF8047B7047C1
:1029000080B483B000AF786000BF0C37BD465DF87F
:10291000047B704780B483B000AF786000BF0C3791
:10292000BD465DF8047B704780B483B000AF78602B
:1029300000BF0C37BD465DF8047B704780B483B0A0
:1029400000AF786000BF0C37BD465DF8047B704770
:1029500080B483B000AF786000BF0C37BD465DF82F
:10296000047B704780B483B000AF786000BF0C3741
:10297000BD465DF8047B704780B483B000AF7860DB
:1029800000BF0C37BD465DF8047B704780B586B04C
:1029900000AF78607B68002B01D1012367E27B6880
:1029A0001B6803F00103002B75D0884B9B6803F074
:1029B0000C03042B0CD0854B9B6803F00C03082BF5
:1029C00012D1824B5B6803F48003B3F5800F0BD107
:1029D0007E4B1B6803F40033002B5BD07B685B6885
:1029E000002B57D1012342E27B685B68B3F5803F3F
:1029F00006D1764B1B68754A43F4803313601DE0A3
:102A00007B685B68B3F5A02F0CD1704B1B686F4AD5
:102A100043F4802313606D4B1B686C4A43F480338E
:102A200013600BE0694B1B68684A23F48033136022
:102A3000664B1B68654A23F4802313607B685B68E0
:102A4000002B13D001F014FB386108E001F010FBFB
:102A500002463B69D31A642B01D9032307E25B4B7F
:102A60001B6803F40033002BF0D014E001F000FBEE
:102A7000386108E001F0FCFA02463B69D31A642B86
:102A800001D90323F3E1514B1B6803F40033002BFE
:102A9000F0D100E000BF7B681B6803F00203002B4D
:102AA00063D04A4B9B6803F00C03002B0BD0474BC1
:102AB0009B6803F00C03082B1CD1444B5B6803F4A8
:102AC0008003002B16D1414B1B6803F00203002B3F
:102AD00005D07B68DB68012B01D00123C7E13B4BAC
:102AE0001B6823F0F8027B681B69DB00374913433E
:102AF0000B603AE07B68DB68002B20D0344B01226E
:102B00001A6001F0B5FA386108E001F0B1FA024646
:102B10003B69D31A022B01D90323A8E12B4B1B6875
:102B200003F00203002BF0D0284B1B6823F0F802BF
:102B30007B681B69DB00254913430B6015E0244BC0
:102B400000221A6001F094FA386108E001F090FA6E
:102B500002463B69D31A022B01D9032387E11B4BA1
:102B60001B6803F00203002BF0D17B681B6803F0A5
:102B70000803002B36D07B685B69002B16D0154B01
:102B800001221A6001F074FA386108E001F070FA6D
:102B900002463B69D31A022B01D9032367E10B4B91
:102BA0005B6F03F00203002BF0D01BE0094B002207
:102BB0001A6001F05DFA38610EE001F059FA024640
:102BC0003B69D31A022B07D9032350E10038024096
:102BD00000004742800E4742884B5B6F03F00203C0
:102BE000002BEAD17B681B6803F00403002B00F084
:102BF00097800023FB75814B1B6C03F08053002BE7
:102C00000FD10023BB607D4B1B6C7C4A43F080538B
:102C100013647A4B1B6C03F08053BB60BB680123C9
:102C2000FB75774B1B6803F48073002B18D1744B32
:102C30001B68734A43F48073136001F019FA38611A
:102C400008E001F015FA02463B69D31A022B01D9BC
:102C500003230CE16A4B1B6803F48073002BF0D054
:102C60007B689B68012B06D1644B1B6F634A43F062
:102C7000010313671CE07B689B68052B0CD15F4B3D
:102C80001B6F5E4A43F0040313675C4B1B6F5B4A88
:102C900043F0010313670BE0584B1B6F574A23F0B7
:102CA00001031367554B1B6F544A23F0040313674A
:102CB0007B689B68002B15D001F0DAF938610AE0D7
:102CC00001F0D6F902463B69D31A41F288329342A9
:102CD00001D90323CBE0494B1B6F03F00203002B08
:102CE000EED014E001F0C4F938610AE001F0C0F957
:102CF00002463B69D31A41F28832934201D9032339
:102D0000B5E03E4B1B6F03F00203002BEED1FB7DC1
:102D1000012B05D1394B1B6C384A23F080531364C7
:102D20007B689B69002B00F0A180344B9B6803F00B
:102D30000C03082B5CD07B689B69022B41D1314B83
:102D400000221A6001F094F9386108E001F090F96E
:102D500002463B69D31A022B01D9032387E0274B94
:102D60001B6803F00073002BF0D17B68DA697B6885
:102D70001B6A1A437B685B6A9B011A437B689B6AE8
:102D80005B08013B1B041A437B68DB6A1B061B497B
:102D900013434B601B4B01221A6001F069F9386143
:102DA00008E001F065F902463B69D31A022B01D90C
:102DB00003235CE0114B1B6803F00073002BF0D081
:102DC00054E0104B00221A6001F052F9386108E01B
:102DD00001F04EF902463B69D31A022B01D90323B5
:102DE00045E0064B1B6803F00073002BF0D13DE07B
:102DF0007B689B69012B07D1012338E00038024032
:102E000000700040600047421B4B5B68FB607B68C2
:102E10009B69012B28D0FB6803F480027B68DB6987
:102E20009A4221D1FB6803F03F027B681B6A9A42F9
:102E30001AD1FA6847F6C07313407A68526A920151
:102E4000934211D1FB6803F440327B689B6A5B08B4
:102E5000013B1B049A4207D1FB6803F070627B6858
:102E6000DB6A1B069A4201D0012300E000231846CA
:102E70001837BD4680BD00BF0038024080B584B021
:102E800000AF786039607B68002B01D10123CCE072
:102E9000684B1B6803F007033A689A420CD9654BEC
:102EA0003A68D2B21A70634B1B6803F007033A68A2
:102EB0009A4201D00123B8E07B681B6803F002034B
:102EC000002B20D07B681B6803F00403002B05D087
:102ED000594B9B68584A43F4E05393607B681B68E6
:102EE00003F00803002B05D0534B9B68524A43F470
:102EF00060439360504B9B6823F0F0027B689B68B3
:102F00004D4913438B607B681B6803F00103002B62
:102F100044D07B685B68012B07D1474B1B6803F4E7
:102F20000033002B19D101237FE07B685B68022B03
:102F300003D07B685B68032B07D13F4B1B6803F012
:102F40000073002B09D101236FE03B4B1B6803F09A
:102F50000203002B01D1012367E0374B9B6823F06C
:102F600003027B685B68344913438B6001F080F88F
:102F7000F8600AE001F07CF80246FB68D31A41F2DF
:102F80008832934201D903234FE02B4B9B6803F017
:102F90000C027B685B689B009A42EBD1254B1B6857
:102FA00003F007033A689A420CD2224B3A68D2B235
:102FB0001A70204B1B6803F007033A689A4201D04D
:102FC000012332E07B681B6803F00403002B08D068
:102FD000194B9B6823F4E0527B68DB681649134366
:102FE0008B607B681B6803F00803002B09D0124B31
:102FF0009B6823F460427B681B69DB000E49134326
:103000008B6000F021F802460B4B9B681B0903F014
:103010000F030A49CB5C22FA03F3094A1360094BF8
:103020001B68184605F0D6FD002318461037BD462C
:1030300080BD00BF003C024000380240AC71010876
:1030400000000020040000202DE9B04F90B000AF38
:1030500000237B630023FB6300233B630023BB63EC
:10306000594B9B6803F00C03082B0DD0082B00F282
:10307000A180002B02D0042B03D09BE0534BBB63F9
:103080009BE0534BBB6398E04F4B5B6803F03F03FF
:103090007B634D4B5B6803F48003002B28D04A4BC5
:1030A0005B689B0900223B627A623B6AC3F30800BB
:1030B0000021474B03FB01F2002300FB03F3134401
:1030C000434AA0FB0212FA620A46BA62FA6A134441
:1030D000FB627B6B0022BB61FA61D7E90623D7E96B
:1030E0000A01FDF763FD02460B461346FB6353E0FE
:1030F000354B5B689B0900223B617A613B69C3F3F6
:10310000080A4FF0000B52465B464FF000004FF0AC
:103110000001590141EAD261500102460B46B2EB6F
:103120000A0863EB0B094FF000024FF000034FEA6F
:10313000891343EA98634FEA8812B2EB080463EB01
:1031400009054FF000024FF00003EB0043EA54730F
:10315000E20014461D4614EB0A033B6045EB0B03EB
:103160007B604FF000024FF00003D7E9004529468D
:103170008B02214643EA915321468A0210461946A2
:103180007B6B0022BB60FA60D7E90223FDF70EFDDE
:1031900002460B461346FB630B4B5B681B0C03F0AC
:1031A000030301335B003B63FA6B3B6BB2FBF3F34E
:1031B000BB6302E0054BBB6300BFBB6B18464037E7
:1031C000BD46BDE8B08F00BF003802400024F400C7
:1031D000001BB70080B400AF034B1B681846BD4608
:1031E0005DF8047B704700BF0000002080B500AF91
:1031F000FFF7F0FF0246054B9B689B0A03F00703AD
:103200000349CB5C22FA03F3184680BD0038024024
:10321000BC71010880B500AFFFF7DCFF0246054B2B
:103220009B685B0B03F007030349CB5C22FA03F3B3
:10323000184680BD00380240BC71010880B483B0DC
:1032400000AF786039607B680F221A60124B9B6870
:1032500003F003027B685A600F4B9B6803F0F00297
:103260007B689A600C4B9B6803F4E0527B68DA60E1
:10327000094B9B68DB0803F4E0527B681A61074B3B
:103280001B6803F007023B681A6000BF0C37BD469D
:103290005DF8047B704700BF00380240003C0240EC
:1032A00080B489B000AF7860396000237B6100236F
:1032B0003B610023BB610023FB616BE10122FB69E1
:1032C00002FA03F37B613B681B687A6913403B6138
:1032D0003A697B699A4240F05A813B685B6803F027
:1032E0000303012B05D03B685B6803F00303022B4B
:1032F00030D17B689B68BB61FB695B00032202FAEB
:1033000003F3DB43BA691340BB613B68DA68FB69CE
:103310005B0002FA03F3BA691343BB617B68BA69C5
:103320009A607B685B68BB610122FB6902FA03F368
:10333000DB43BA691340BB613B685B681B0903F060
:103340000102FB6902FA03F3BA691343BB617B68AC
:10335000BA695A603B685B6803F00303032B17D01C
:103360007B68DB68BB61FB695B00032202FA03F345
:10337000DB43BA691340BB613B689A68FB695B0039
:1033800002FA03F3BA691343BB617B68BA69DA6076
:103390003B685B6803F00303022B23D1FB69DA0867
:1033A0007B68083253F82230BB61FB6903F00703E6
:1033B0009B000F2202FA03F3DB43BA691340BB619F
:1033C0003B681A69FB6903F007039B0002FA03F3E9
:1033D000BA691343BB61FB69DA087B680832B969D3
:1033E00043F822107B681B68BB61FB695B0003220A
:1033F00002FA03F3DB43BA691340BB613B685B68C5
:1034000003F00302FB695B0002FA03F3BA6913439A
:10341000BB617B68BA691A603B685B6803F4403340
:10342000002B00F0B4800023FB60604B5B6C5F4AB4
:1034300043F4804353645D4B5B6C03F48043FB6057
:10344000FB685B4AFB699B08023352F82330BB617F
:10345000FB6903F003039B000F2202FA03F3DB4333
:10346000BA691340BB617B68524A93422BD07B6898
:10347000514A934225D07B68504A93421FD07B68C3
:103480004F4A934219D07B684E4A934213D07B68CF
:103490004D4A93420DD07B684C4A934207D07B68DB
:1034A0004B4A934201D107230EE008230CE0062388
:1034B0000AE0052308E0042306E0032304E00223D6
:1034C00002E0012300E00023FA6902F00302920007
:1034D0009340BA691343BB613549FB699B080233CA
:1034E000BA6941F823203B4B9B68BB613B69DB43D6
:1034F000BA691340BB613B685B6803F48013002B1F
:1035000003D0BA693B691343BB61324ABB6993601C
:10351000304BDB68BB613B69DB43BA691340BB617D
:103520003B685B6803F40013002B03D0BA693B6966
:103530001343BB61274ABB69D360264B5B68BB6101
:103540003B69DB43BA691340BB613B685B6803F4CA
:103550000033002B03D0BA693B691343BB611D4A9A
:10356000BB6953601B4B1B68BB613B69DB43BA699A
:103570001340BB613B685B6803F48033002B03D0CE
:10358000BA693B691343BB61124ABB691360FB69AB
:103590000133FB61FB690F2B7FF690AE00BF00BFCC
:1035A0002437BD465DF8047B704700BF00380240F9
:1035B00000380140000002400004024000080240C0
:1035C000000C0240001002400014024000180240AB
:1035D000001C0240003C014080B485B000AF786020
:1035E0000B467B807B681A697B881340002B02D0D6
:1035F0000123FB7301E00023FB73FB7B18461437A8
:10360000BD465DF8047B704780B483B000AF78603E
:103610000B467B8013467B707B78002B03D07A8827
:103620007B689A6103E07B881A047B689A6100BF1B
:103630000C37BD465DF8047B7047000080B586B04E
:1036400000AF786000237B6100F012FD38617B6879
:10365000002B01D1012399E07B68022283F83520F9
:103660007B68002283F834207B681B681A687B68BB
:103670001B6822F001021A600FE000F0F9FC02461C
:103680003B69D31A052B08D97B6820225A657B68D1
:10369000032283F83520032378E07B681B681B68CE
:1036A00003F00103002BE8D17B681B681B687B617A
:1036B0007A69384B13407B617B685A687B689B68EA
:1036C0001A437B68DB681A437B681B691A437B6873
:1036D0005B691A437B689B691A437B68DB691A4301
:1036E0007B681B6A13437A6913437B617B685B6A5F
:1036F000042B07D17B68DA6A7B681B6B13437A69FA
:1037000013437B617B681B687A691A607B681B685E
:103710005B697B617B6923F007037B617B685B6A84
:103720007A6913437B617B685B6A042B17D17B68E2
:103730009B6A7A6913437B617B68DB6A002B0ED03E
:10374000786800F001FB0346002B08D07B6840221C
:103750005A657B68012283F83520012316E07B68D7
:103760001B687A695A61786800F0B8FA0346FB6012
:103770007B68DB6D3F229A40FB689A607B68002281
:103780005A657B68012283F83520002318461837D4
:10379000BD4680BD3F8010F080B586B000AFF860B8
:1037A000B9607A603B600023FB75FB689B6D3B61F1
:1037B000FB6893F83430012B01D1022340E0FB6811
:1037C000012283F83420FB6893F83530DBB2012BFB
:1037D0002FD1FB68022283F83520FB6800225A654E
:1037E0003B687A68B968F86800F04AFAFB68DB6DF4
:1037F0003F229A403B699A60FB681B681A68FB6825
:103800001B6842F016021A60FB681B6C002B07D085
:10381000FB681B681A68FB681B6842F008021A60A4
:10382000FB681B681A68FB681B6842F001021A609B
:1038300005E0FB68002283F834200223FB75FB7D42
:1038400018461837BD4680BD80B584B000AF78609B
:103850007B689B6DFB6000F00BFCB8607B6893F8A5
:103860003530DBB2022B08D07B6880225A657B683A
:10387000002283F83420012352E07B681B681A6819
:103880007B681B6822F016021A607B681B685A6905
:103890007B681B6822F080025A617B681B6C002BDE
:1038A00003D17B689B6C002B07D07B681B681A6870
:1038B0007B681B6822F008021A607B681B681A6824
:1038C0007B681B6822F001021A6013E000F0D0FB55
:1038D0000246BB68D31A052B0CD97B6820225A6597
:1038E0007B68032283F835207B68002283F834202C
:1038F000032315E07B681B681B6803F00103002BA2
:10390000E4D17B68DB6D3F229A40FB689A607B685C
:10391000012283F835207B68002283F834200023BD
:1039200018461037BD4680BD80B483B000AF7860C4
:103930007B6893F83530DBB2022B04D07B688022A1
:103940005A6501230CE07B68052283F835207B68EB
:103950001B681A687B681B6822F001021A6000234A
:1039600018460C37BD465DF8047B704780B586B0BD
:1039700000AF78600023BB608E4B1B688E4AA2FBB1
:1039800003239B0A7B617B689B6D3B613B691B68E2
:10399000FB607B68DB6D08229A40FB681340002BBC
:1039A0001AD07B681B681B6803F00403002B13D03C
:1039B0007B681B681A687B681B6822F004021A6027
:1039C0007B68DB6D08229A403B699A607B685B6D7F
:1039D00043F001027B685A657B68DB6D01229A40E7
:1039E000FB681340002B12D07B681B685B6903F0F7
:1039F0008003002B0BD07B68DB6D01229A403B6972
:103A00009A607B685B6D43F002027B685A657B6855
:103A1000DB6D04229A40FB681340002B12D07B68B8
:103A20001B681B6803F00203002B0BD07B68DB6D67
:103A300004229A403B699A607B685B6D43F0040204
:103A40007B685A657B68DB6D10229A40FB681340E7
:103A5000002B43D07B681B681B6803F00803002B16
:103A60003CD07B68DB6D10229A403B699A607B6892
:103A70001B681B6803F48023002B18D07B681B682D
:103A80001B6803F40023002B08D17B681B6C002B00
:103A900024D07B681B6C786898471FE07B689B6C20
:103AA000002B1BD07B689B6C7868984716E07B687E
:103AB0001B681B6803F48073002B07D17B681B68AD
:103AC0001A687B681B6822F008021A607B681B6C0E
:103AD000002B03D07B681B6C786898477B68DB6D94
:103AE00020229A40FB681340002B00F08F807B68F7
:103AF0001B681B6803F01003002B00F087807B68B5
:103B0000DB6D20229A403B699A607B6893F83530E0
:103B1000DBB2052B36D17B681B681A687B681B6893
:103B200022F016021A607B681B685A697B681B6862
:103B300022F080025A617B681B6C002B03D17B68EA
:103B40009B6C002B07D07B681B681A687B681B681E
:103B500022F008021A607B68DB6D3F229A403B69C5
:103B60009A607B68012283F835207B68002283F805
:103B700034207B681B6D002B7ED07B681B6D7868C2
:103B8000984779E07B681B681B6803F48023002B4F
:103B90001DD07B681B681B6803F40023002B0DD12C
:103BA0007B685B6C002B31D07B685B6C78689847D6
:103BB0002CE000BF00000020B5814E1B7B68DB6B52
:103BC000002B23D07B68DB6B786898471EE07B680E
:103BD0001B681B6803F48073002B0FD17B681B6884
:103BE0001A687B681B6822F010021A607B68012249
:103BF00083F835207B68002283F834207B68DB6BF8
:103C0000002B03D07B68DB6B786898477B685B6D23
:103C1000002B32D07B685B6D03F00103002B22D0B8
:103C20007B68052283F835207B681B681A687B68EF
:103C30001B6822F001021A60BB680133BB607A691D
:103C40009A4207D37B681B681B6803F00103002BB3
:103C5000F2D100E000BF7B68012283F835207B6849
:103C6000002283F834207B68DB6C002B05D07B6856
:103C7000DB6C7868984700E000BF1837BD4680BD10
:103C800080B485B000AFF860B9607A603B60FB68D3
:103C90001B681A68FB681B6822F480221A60FB68A4
:103CA0001B683A685A60FB689B68402B08D1FB6828
:103CB0001B687A689A60FB681B68BA68DA6007E07C
:103CC000FB681B68BA689A60FB681B687A68DA60F0
:103CD00000BF1437BD465DF8047B704780B485B0E3
:103CE00000AF78607B681B68DBB2103B144AA2FB14
:103CF00003231B09FB60134AFB6813441B781A4615
:103D00007B68DA65FB68032B09D97B681B6823F4A1
:103D10007F7323F003031A1D7B689A6507E07B68B5
:103D20001B6823F47F7323F003037A6893657B6831
:103D30009B6D18461437BD465DF8047B704700BF85
:103D4000ABAAAAAAC471010880B485B000AF78609C
:103D50000023FB737B689B6ABB607B689B69002BBD
:103D60001FD1BB68032B56D801A252F823F000BF25
:103D7000813D0008933D0008813D0008173E000882
:103D80007B68DB6A03F08073002B46D00123FB7352
:103D900043E07B68DB6AB3F1C07F40D10123FB7352
:103DA0003DE07B689B69B3F5005F21D1BB68032BC5
:103DB00037D801A252F823F0C93D0008CF3D0008D2
:103DC000C93D0008E13D00080123FB7330E07B683A
:103DD000DB6A03F08073002B25D00123FB7322E004
:103DE0007B68DB6AB3F1C07F1FD10123FB731CE04A
:103DF000BB68022B03D9BB68032B03D018E0012357
:103E0000FB7315E07B68DB6A03F08073002B0ED038
:103E10000123FB730BE000BF0AE000BF08E000BF16
:103E200006E000BF04E000BF02E000BF00E000BF0A
:103E3000FB7B18461437BD465DF8047B704700BF16
:103E400080B485B000AF78607B6803F00703FB6047
:103E50000C4BDB68BB60BA684FF6FF031340BB60D6
:103E6000FB681A02BB68134343F0BF6343F400339B
:103E7000BB60044ABB68D36000BF1437BD465DF821
:103E8000047B704700ED00E080B400AF044BDB68BA
:103E90001B0A03F007031846BD465DF8047B704714
:103EA00000ED00E080B483B000AF0346FB7197F9EA
:103EB0000730002B0BDBFB7903F01F02074997F952
:103EC00007305B09012000FA02F241F8232000BF0D
:103ED0000C37BD465DF8047B704700BF00E100E091
:103EE00080B483B000AF03463960FB7197F90730A7
:103EF000002B0ADB3B68DAB20C4997F90730120154
:103F0000D2B20B4483F800230AE03B68DAB20849D6
:103F1000FB7903F00F03043B1201D2B20B441A7673
:103F200000BF0C37BD465DF8047B704700E100E040
:103F300000ED00E080B489B000AFF860B9607A604D
:103F4000FB6803F00703FB61FB69C3F10703042B64
:103F500028BF0423BB61FB690433062B02D9FB692C
:103F6000033B00E000237B614FF0FF32BB6902FAA4
:103F700003F3DA43BB681A407B699A404FF0FF3184
:103F80007B6901FA03F3D9437B680B40134318465E
:103F90002437BD465DF8047B704780B582B000AF22
:103FA00078607868FFF74CFF00BF0837BD4680BDDA
:103FB00080B586B000AF0346B9607A60FB7300231A
:103FC0007B61FFF761FF78617A68B9687869FFF70C
:103FD000B1FF024697F90F3011461846FFF780FFF0
:103FE00000BF1837BD4680BD80B582B000AF034624
:103FF000FB7197F907301846FFF754FF00BF0837E9
:10400000BD4680BD80B500AF0E4B1B680D4A43F422
:10401000007313600B4B1B680A4A43F48063136000
:10402000084B1B68074A43F4807313600320FFF7B3
:10403000B4FF0F2004F0CEFD04F0A0FD00231846CD
:1040400080BD00BF003C024080B400AF064B1B782F
:104050001A46064B1B681344044A136000BFBD4652
:104060005DF8047B704700BF080000202C0300208F
:1040700080B400AF034B1B681846BD465DF8047B57
:10408000704700BF2C03002080B584B000AF78607B
:104090007B68002B01D101232BE17B6893F83D3035
:1040A000DBB2002B06D17B68002283F83C207868C5
:1040B00004F010F87B68242283F83D207B681B689D
:1040C0001A687B681B6822F001021A607B681B6813
:1040D0001A687B681B6842F400421A607B681B68A0
:1040E0001A687B681B6822F400421A60FFF77EF8AA
:1040F000F8607B685B68814A934207D8FB68804A16
:10410000934294BF01230023DBB206E0FB687D4AA3
:10411000934294BF01230023DBB2002B01D0012383
:10412000E7E0FB68784AA2FB03239B0CBB607B683B
:104130001B685B6823F03F017B681B68BA680A4311
:104140005A607B681B681B6A23F03F017B685B68D1
:104150006A4A934202D8BB68013309E0BB684FF456
:10416000967202FB03F3694AA2FB03239B09013306
:104170007A6812680B4313627B681B68DB6923F45F
:104180004F4222F0FF027B685B685C498B4219D882
:10419000FB68591E7B685B685B00B1FBF3F3591C3D
:1041A00040F6FC730B40002B0AD0FB68591E7B685D
:1041B0005B685B00B1FBF3F30133C3F30B0351E026
:1041C00004234FE07B689B68002B11D1FB68581ECD
:1041D0007B6859680B465B000B44B0FBF3F301337B
:1041E000C3F30B03002B0CBF01230023DBB212E04F
:1041F000FB68581E7B6859680B469B000B4499006E
:104200000B44B0FBF3F30133C3F30B03002B0CBFE0
:1042100001230023DBB2002B01D0012322E07B68C5
:104220009B68002B0ED1FB68581E7B6859680B46B3
:104230005B000B44B0FBF3F30133C3F30B0343F414
:1042400000430FE0FB68581E7B6859680B469B00D3
:104250000B4499000B44B0FBF3F30133C3F30B039E
:1042600043F44043796809681343CB617B681B685A
:104270001B6823F0C0017B68DA697B681B6A1A43FC
:104280007B681B680A431A607B681B689B6823F481
:10429000034323F0FF037A6811697A68D2681143F7
:1042A0007A6812680B4393607B681B68DB6823F0B5
:1042B000FF017B685A697B689B691A437B681B68AE
:1042C0000A43DA607B681B681A687B681B6842F0E7
:1042D00001021A607B6800221A647B68202283F83E
:1042E0003D207B6800221A637B68002283F83E2011
:1042F000002318461037BD4680BD00BFA0860100D0
:104300007F841E00FF083D0083DE1B43D34D6210F7
:1043100080B588B002AFF8607A601A460B467B81A0
:1043200013463B81FFF7A4FE7861FB6893F83D30AC
:10433000DBB2202B40F0E0807B690093192301223F
:104340007049F86800F064F90346002B01D002239D
:10435000D3E0FB6893F83C30012B01D10223CCE081
:10436000FB68012283F83C20FB681B681B6803F094
:104370000103012B07D0FB681B681A68FB681B68E8
:1043800042F001021A60FB681B681A68FB681B6830
:1043900022F400621A60FB68212283F83D20FB684A
:1043A000102283F83E20FB6800221A64FB687A68BA
:1043B0005A62FB683A895A85FB685B8D9AB2FB6842
:1043C0001A85FB68504ADA6279897B693A6AF8682B
:1043D00000F09CF80346002B01D001238DE0002360
:1043E0003B61FB681B685B693B61FB681B689B6901
:1043F0003B613B6966E07A69396AF86800F022FA45
:104400000346002B0DD0FB681B6C042B07D1FB6807
:104410001B681A68FB681B6842F400721A6001236B
:104420006BE0FB685B6A1A78FB681B681A61FB68C3
:104430005B6A5A1CFB685A62FB685B8D9BB2013B4E
:104440009AB2FB685A85FB681B8D013B9AB2FB68E8
:104450001A85FB681B685B6903F00403042B1BD1FE
:10446000FB681B8D002B17D0FB685B6A1A78FB6812
:104470001B681A61FB685B6A5A1CFB685A62FB681E
:104480005B8D9BB2013B9AB2FB685A85FB681B8D22
:10449000013B9AB2FB681A857A69396AF86800F0BC
:1044A00019FA0346002B0DD0FB681B6C042B07D1B7
:1044B000FB681B681A68FB681B6842F400721A608C
:1044C00001231AE0FB681B8D002B94D1FB681B684D
:1044D0001A68FB681B6842F400721A60FB682022AD
:1044E00083F83D20FB68002283F83E20FB68002211
:1044F00083F83C20002300E0022318461837BD460D
:1045000080BD00BF020010000000FFFF80B588B032
:1045100002AFF8607A603B600B467B81FB68DB6A28
:104520007B617B69082B06D07B69012B03D07B69FB
:1045300013F5803F08D1FB681B681A68FB681B688D
:1045400042F480721A600BE0FB681B6B122B07D1E0
:10455000FB681B681A68FB681B6842F480721A606B
:104560003B6800937B6800224FF00111F86800F06F
:104570004FF80346002B0DD0FB681B681B6803F443
:104580008073B3F5807F03D1FB684FF400721A6427
:10459000032335E0FB681B69B3F5804F08D17B89A5
:1045A000DBB21A46FB681B6802F0FE021A611BE0D0
:1045B0007B89DB11DBB203F00603DBB263F00F0390
:1045C000DAB2FB681B681A613B687A680E49F868C2
:1045D00000F098F80346002B01D0012310E07B89FE
:1045E000DAB2FB681B681A613B687A680749F868A9
:1045F00000F088F80346002B01D0012300E00023DF
:1046000018461837BD4680BD0800010002000100B1
:1046100080B584B000AFF860B9603B601346FB71B1
:1046200048E03B68B3F1FF3F44D0FFF721FD02466D
:10463000BB69D31A3A689A4202D33B68002B39D13E
:10464000BB681B0CDBB2012B0DD1FB681B685B69DF
:10465000DA43BB6813409BB2002B0CBF012300233D
:10466000DBB21A460CE0FB681B689B69DA43BB6847
:1046700013409BB2002B0CBF01230023DBB21A4670
:10468000FB799A4216D1FB6800221A63FB6820224C
:1046900083F83D20FB68002283F83E20FB681B6CFA
:1046A00043F02002FB681A64FB68002283F83C2078
:1046B000012323E0BB681B0CDBB2012B0DD1FB688F
:1046C0001B685B69DA43BB6813409BB2002B0CBFCD
:1046D00001230023DBB21A460CE0FB681B689B69D0
:1046E000DA43BB6813409BB2002B0CBF01230023AD
:1046F000DBB21A46FB799A4293D000231846103752
:10470000BD4680BD80B584B000AFF860B9607A6006
:104710003B6071E0FB681B685B6903F48063B3F581
:10472000806F23D1FB681B681A68FB681B6842F422
:1047300000721A60FB681B686FF480625A61FB6844
:1047400000221A63FB68202283F83D20FB680022C8
:1047500083F83E20FB681B6C43F00402FB681A647C
:10476000FB68002283F83C20012367E07B68B3F1FB
:10477000FF3F41D0FFF77CFC02463B68D31A7A68C2
:104780009A4202D37B68002B36D1BB681B0CDBB28C
:10479000012B0CD1FB681B685B69DA43BB681340D3
:1047A0009BB2002B14BF01230023DBB20BE0FB689C
:1047B0001B689B69DA43BB6813409BB2002B14BF94
:1047C00001230023DBB2002B16D0FB6800221A6302
:1047D000FB68202283F83D20FB68002283F83E20FE
:1047E000FB681B6C43F02002FB681A64FB68002224
:1047F00083F83C20012321E0BB681B0CDBB2012BBA
:104800000CD1FB681B685B69DA43BB6813409BB241
:10481000002B14BF01230023DBB20BE0FB681B68F5
:104820009B69DA43BB6813409BB2002B14BF012382
:104830000023DBB2002B7FF46DAF00231846103746
:10484000BD4680BD80B584B000AFF860B9607A60C5
:1048500034E0F86800F086F80346002B01D001230D
:1048600034E0BB68B3F1FF3F28D0FFF701FC0246FC
:104870007B68D31ABA689A4202D3BB68002B1DD159
:10488000FB681B685B6903F08003802B16D0FB6814
:1048900000221A63FB68202283F83D20FB68002277
:1048A00083F83E20FB681B6C43F02002FB681A640F
:1048B000FB68002283F83C20012307E0FB681B68AB
:1048C0005B6903F08003802BC3D1002318461037A7
:1048D000BD4680BD80B584B000AFF860B9607A6035
:1048E00034E0F86800F03EF80346002B01D00123C5
:1048F00034E0BB68B3F1FF3F28D0FFF7B9FB0246B5
:104900007B68D31ABA689A4202D3BB68002B1DD1C8
:10491000FB681B685B6903F00403042B16D0FB687B
:1049200000221A63FB68202283F83D20FB680022E6
:1049300083F83E20FB681B6C43F02002FB681A647E
:10494000FB68002283F83C20012307E0FB681B681A
:104950005B6903F00403042BC3D10023184610370E
:10496000BD4680BD80B483B000AF78607B681B68B3
:104970005B6903F48063B3F5806F1BD17B681B68B0
:104980006FF480625A617B6800221A637B68202280
:1049900083F83D207B68002283F83E207B681B6CF7
:1049A00043F004027B681A647B68002283F83C2091
:1049B000012300E0002318460C37BD465DF8047B58
:1049C000704780B582B000AF78607B68002B01D162
:1049D00001237BE07B685B6A002B08D17B685B6806
:1049E000B3F5827F09D07B680022DA6105E07B683D
:1049F00000221A617B6800225A617B6800229A6259
:104A00007B6893F85130DBB2002B06D17B68002223
:104A100083F85020786803F0DBFB7B68022283F880
:104A200051207B681B681A687B681B6822F0400273
:104A30001A607B685B6803F482727B689B6803F48E
:104A400004431A437B68DB6803F400631A437B6802
:104A50001B6903F002031A437B685B6903F00103DF
:104A60001A437B689B6903F400731A437B68DB6914
:104A700003F038031A437B681B6A03F0800342EAA1
:104A800003017B689B6A03F400527B681B680A433E
:104A90001A607B689B691B0C03F004017B685B6AEE
:104AA00003F010027B681B680A435A607B681B682E
:104AB000DA697B681B6822F40062DA617B68002295
:104AC0005A657B68012283F8512000231846083775
:104AD000BD4680BD80B58AB000AFF860B9607A602D
:104AE0007B8001237B62FFF7C3FA3862FB6893F88F
:104AF0005130FB77FB685B68BB617B88FB82FB7F87
:104B0000012B0CD0BB69B3F5827F06D1FB689B6893
:104B1000002B02D1FB7F042B01D002237FE1BB6875
:104B2000002B05D07B68002B02D07B88002B01D1A5
:104B3000012374E1FB6893F85030012B01D102236B
:104B40006DE1FB68012283F85020FB6893F8513037
:104B5000DBB2042B03D0FB68052283F85120FB68ED
:104B600000225A65FB687A689A63FB687A88DA875C
:104B7000FB687A889A87FB68BA681A63FB687A8848
:104B8000DA86FB687A889A86FB6800221A64FB68DA
:104B900000225A64FB681B681B6803F04003402B2B
:104BA00007D0FB681B681A68FB681B6842F040026C
:104BB0001A60FB68DB68B3F5006F7ED1FB685B6849
:104BC000002B02D0FB8A012B6CD1FB681B6B1A886F
:104BD000FB681B68DA60FB681B6B9A1CFB681A6336
:104BE000FB68DB8E9BB2013B9AB2FB68DA8659E028
:104BF000FB681B689B6803F00203022B1BD1FB6858
:104C0000DB8E9BB2002B16D07B6A012B13D1FB6885
:104C10001B6B1A88FB681B68DA60FB681B6B9A1CAD
:104C2000FB681A63FB68DB8E9BB2013B9AB2FB68A0
:104C3000DA8600237B62FB681B689B6803F0010334
:104C4000012B19D1FB68DB8F9BB2002B14D0FB68C2
:104C50001B68DA68FB689B6B92B21A80FB689B6BDF
:104C60009A1CFB689A63FB68DB8F9BB2013B9AB28C
:104C7000FB68DA8701237B62FFF7FAF902463B6A99
:104C8000D31A3A6B9A420DD83B6BB3F1FF3F09D070
:104C9000FB68012283F85120FB68002283F8502032
:104CA0000323BCE0FB68DB8E9BB2002BA0D1FB682A
:104CB000DB8F9BB2002B9BD182E0FB685B68002BF3
:104CC00002D0FB8A012B71D1FB681A6BFB681B6851
:104CD0000C3312781A70FB681B6B5A1CFB681A6342
:104CE000FB68DB8E9BB2013B9AB2FB68DA865DE023
:104CF000FB681B689B6803F00203022B1CD1FB6856
:104D0000DB8E9BB2002B17D07B6A012B14D1FB6882
:104D10001A6BFB681B680C3312781A70FB681B6BEC
:104D20005A1CFB681A63FB68DB8E9BB2013B9AB28C
:104D3000FB68DA8600237B62FB681B689B6803F0D4
:104D40000103012B19D1FB68DB8F9BB2002B14D020
:104D5000FB681B68DA68FB689B6BD2B21A70FB6851
:104D60009B6B5A1CFB689A63FB68DB8F9BB2013B11
:104D70009AB2FB68DA8701237B62FFF779F9024672
:104D80003B6AD31A3A6B9A4203D83B6BB3F1FF3FAD
:104D900002D13B6B002B09D1FB68012283F8512023
:104DA000FB68002283F85020032338E0FB68DB8E89
:104DB0009BB2002B9CD1FB68DB8F9BB2002B97D161
:104DC0003A6A396BF86800F0D5F90346002B08D031
:104DD000FB6820225A65FB68002283F850200123DB
:104DE0001DE0FB689B68002B0AD100233B61FB6838
:104DF0001B68DB683B61FB681B689B683B613B6928
:104E0000FB68012283F85120FB68002283F85020C0
:104E1000FB685B6D002B01D0012300E000231846E6
:104E20002837BD4680BD000080B588B000AF7860EF
:104E30007B681B685B68FB617B681B689B68BB6168
:104E4000BB699B0903F00103002B0FD1BB6903F081
:104E50000103002B0AD0FB699B0903F00103002B1F
:104E600004D07B681B6C78689847D7E0BB695B0807
:104E700003F00103002B0AD0FB69DB0903F00103F7
:104E8000002B04D07B685B6C78689847C6E0BB69F0
:104E90005B0903F00103002B0CD1BB699B0903F0F4
:104EA0000103002B06D1BB691B0A03F00103002B91
:104EB00000F0B480FB695B0903F00103002B00F0F4
:104EC000AD80BB699B0903F00103002B23D07B68F5
:104ED00093F85130DBB2032B11D07B685B6D43F04C
:104EE00004027B685A6500237B617B681B68DB6872
:104EF0007B617B681B689B687B617B690BE000239F
:104F00003B617B681B68DB683B617B681B689B6857
:104F10003B613B6982E0BB695B0903F00103002B45
:104F200014D07B685B6D43F001027B685A650023F7
:104F3000FB607B681B689B68FB607B681B681A686A
:104F40007B681B6822F040021A60FB68BB691B0A81
:104F500003F00103002B0CD07B685B6D43F008026B
:104F60007B685A650023BB607B681B689B68BB60DD
:104F7000BB687B685B6D002B4FD07B681B685A68F1
:104F80007B681B6822F0E0025A607B68012283F88C
:104F90005120FB6903F00203002B04D1FB6903F0ED
:104FA0000103002B34D07B681B685A687B681B6840
:104FB00022F003025A607B68DB6C002B11D07B6807
:104FC000DB6C184A1A657B68DB6C1846FEF7ACFC94
:104FD0000346002B05D07B685B6D43F040027B6885
:104FE0005A657B689B6C002B16D07B689B6C0D4AC6
:104FF0001A657B689B6C1846FEF796FC0346002BEF
:105000000AD07B685B6D43F040027B685A6503E021
:10501000786800F009F800E000BF00BF2037BD4607
:1050200080BD00BF3D50000880B483B000AF786001
:1050300000BF0C37BD465DF8047B704780B584B077
:1050400000AF78607B689B6BFB60FB680022DA87AF
:10505000FB680022DA86F868FFF7E6FF00BF10372A
:10506000BD4680BD80B588B000AFF860B9603B60D8
:105070001346FB71FEF7FCFF0246BB6A9B1A3A68B7
:105080001344FB61FEF7F4FFB861394B1B685B0109
:105090001B0DFA6902FB03F37B6155E03B68B3F13A
:1050A000FF3F51D0FEF7E4FF0246BB69D31AFA690D
:1050B0009A4202D9FB69002B3DD1FB681B685A68F4
:1050C000FB681B6822F0E0025A60FB685B68B3F57E
:1050D000827F11D1FB689B68B3F5004F04D0FB6859
:1050E0009B68B3F5806F07D1FB681B681A68FB6883
:1050F0001B6822F040021A60FB689B6AB3F5005FF0
:105100000FD1FB681B681A68FB681B6822F4005209
:105110001A60FB681B681A68FB681B6842F400523F
:105120001A60FB68012283F85120FB68002283F893
:105130005020032318E07B69002B02D10023FB6180
:1051400002E07B69013B7B61FB681B689A68BB6876
:105150001340BA689A420CBF01230023DBB21A46FF
:10516000FB799A429AD1002318462037BD4680BD6C
:105170000000002080B588B002AFF860B9607A60A6
:105180007B680093BB6801220221F868FFF76AFF81
:105190000346002B07D0FB685B6D43F02002FB68E1
:1051A0005A65032332E01B4B1B681B4AA2FB0323F7
:1051B0005B0D4FF47A7202FB03F37B61FB685B6863
:1051C000B3F5827F12D17B680093BB6800228021F7
:1051D000F868FFF747FF0346002B16D0FB685B6DAE
:1051E00043F02002FB685A6503230FE07B69002B24
:1051F0000AD07B69013B7B61FB681B689B6803F0FD
:105200008003802BF2D000E000BF0023184618373F
:10521000BD4680BD00000020819F5E1680B582B033
:1052200000AF78607B68002B01D1012342E07B68EE
:1052300093F84130DBB2002B06D17B68002283F863
:105240004020786803F072FA7B68242283F84120BA
:105250007B681B68DA687B681B6822F40052DA609E
:10526000786800F0B3FE7B681B681A697B681B686E
:1052700022F490421A617B681B685A697B681B683C
:1052800022F02A025A617B681B68DA687B681B6817
:1052900042F40052DA607B6800225A647B68202264
:1052A00083F841207B68202283F842207B6800221B
:1052B0005A63002318460837BD4680BD80B58CB0C0
:1052C00000AFF860B9601346FB80FB6893F842308A
:1052D000DBB2202B46D1BB68002B02D0FB88002B11
:1052E00001D101233FE0FB6801221A63FB68002221
:1052F0005A63FB881A46B968F86800F0FFFB03465A
:1053000087F82F30FB681B6B012B25D100233B61F5
:10531000FB681B681B683B61FB681B685B683B6143
:105320003B69FB681B680C33BB61BB6953E8003FFA
:105330007B617B6943F01003BB62FB681B680C3325
:10534000BA6A7A623B62396A7A6A41E80023FB6191
:10535000FB69002BE5D102E0012387F82F3097F895
:105360002F3000E0022318463037BD4680BD0000D4
:1053700080B5BAB000AF78607B681B681B68C7F85F
:10538000E4307B681B68DB68C7F8E0307B681B682B
:105390005B69C7F8DC300023C7F8D8300023C7F8B2
:1053A000D430D7F8E43003F00F03C7F8D830D7F87B
:1053B000D830002B0FD1D7F8E43003F02003002BB6
:1053C00009D0D7F8E03003F02003002B03D0786831
:1053D00000F03EFD73E2D7F8D830002B00F0DE80FD
:1053E000D7F8DC3003F00103002B06D1D7F8E0300A
:1053F00003F49073002B00F0D180D7F8E43003F071
:105400000103002B0BD0D7F8E03003F48073002B9E
:1054100005D07B685B6C43F001027B685A64D7F867
:10542000E43003F00403002B0BD0D7F8DC3003F09A
:105430000103002B05D07B685B6C43F002027B68A4
:105440005A64D7F8E43003F00203002B0BD0D7F8EE
:10545000DC3003F00103002B05D07B685B6C43F06C
:1054600004027B685A64D7F8E43003F00803002B89
:1054700011D0D7F8E03003F02003002B05D1D7F886
:10548000DC3003F00103002B05D07B685B6C43F03C
:1054900008027B685A647B685B6C002B00F00A8210
:1054A000D7F8E43003F02003002B08D0D7F8E03021
:1054B00003F02003002B02D0786800F0C9FC7B6861
:1054C0001B685B6903F04003402B0CBF01230023E2
:1054D000DBB2C7F8D4307B685B6C03F00803002BA9
:1054E00003D1D7F8D430002B4FD0786800F0D4FB2C
:1054F0007B681B685B6903F04003402B41D17B68EC
:105500001B681433C7F89C30D7F89C3053E8003F31
:10551000C7F89830D7F8983023F04003C7F8D03058
:105520007B681B681433D7F8D020C7F8A820C7F8C9
:10553000A430D7F8A410D7F8A82041E80023C7F872
:10554000A030D7F8A030002BD9D17B68DB6B002BC3
:1055500013D07B68DB6B8A4A1A657B68DB6B184665
:10556000FEF7E2F90346002B16D07B68DB6B1B6D60
:105570007A68D26B104698470EE0786804F0A8F974
:105580000AE0786804F0A4F906E0786804F0A0F96D
:105590007B6800225A648DE100BF8BE17B681B6B46
:1055A000012B40F06781D7F8E43003F01003002BA3
:1055B00000F06081D7F8E03003F01003002B00F01A
:1055C00059810023BB607B681B681B68BB607B68DC
:1055D0001B685B68BB60BB687B681B685B6903F02A
:1055E0004003402B40F0CE807B68DB6B1B685B6820
:1055F000A7F8BE30B7F8BE30002B00F0A9807B685A
:105600009B8DB7F8BE209A4280F0A2807B68B7F8E5
:10561000BE20DA857B68DB6BDB69B3F5807F00F049
:1056200088807B681B680C33C7F88830D7F88830CF
:1056300053E8003FC7F88430D7F8843023F48073F0
:10564000C7F8B8307B681B680C33D7F8B820C7F8A8
:105650009420C7F89030D7F89010D7F8942041E8FC
:105660000023C7F88C30D7F88C30002BD9D17B6859
:105670001B6814337B677B6F53E8003F3B673B6FCE
:1056800023F00103C7F8B4307B681B681433D7F8E4
:10569000B420C7F88020FB67F96FD7F8802041E875
:1056A0000023BB67BB6F002BE1D17B681B68143301
:1056B0003B663B6E53E8003FFB65FB6D23F0400308
:1056C000C7F8B0307B681B681433D7F8B020FA668F
:1056D000BB66B96EFA6E41E800237B667B6E002BD9
:1056E000E3D17B68202283F842207B6800221A6382
:1056F0007B681B680C33FB64FB6C53E8003FBB64A6
:10570000BB6C23F01003C7F8AC307B681B680C330C
:10571000D7F8AC20BA657B65796DBA6D41E8002396
:105720003B653B6D002BE3D17B68DB6B1846FEF7D6
:105730008BF87B6802225A637B689A8D7B68DB8DCD
:105740009BB2D31A9BB21946786804F05DF8B3E0B7
:105750007B689B8DB7F8BE209A4240F0AD807B6895
:10576000DB6BDB69B3F5807F40F0A6807B680222AB
:105770005A637B689B8D1946786804F045F89BE076
:105780005F5D00087B689A8D7B68DB8D9BB2D31AC6
:10579000A7F8CE307B68DB8D9BB2002B00F08E80AB
:1057A000B7F8CE30002B00F089807B681B680C3383
:1057B000BB63BB6B53E8003F7B637B6B23F490734D
:1057C000C7F8C8307B681B680C33D7F8C8207A64E8
:1057D0003B64396C7A6C41E80023FB63FB6B002B64
:1057E000E3D17B681B6814337B627B6A53E8003F1C
:1057F0003B623B6A23F00103C7F8C4307B681B6837
:105800001433D7F8C4203A63FB62F96A3A6B41E873
:105810000023BB62BB6A002BE3D17B68202283F8A4
:1058200042207B6800221A637B681B680C333B6153
:105830003B6953E8003FFB60FB6823F01003C7F8A7
:10584000C0307B681B680C33D7F8C020FA61BB619D
:10585000B969FA6941E800237B617B69002BE3D1D8
:105860007B6802225A63B7F8CE301946786803F095
:10587000CBFF23E0D7F8E43003F08003002B09D0FE
:10588000D7F8E03003F08003002B03D0786800F0F5
:1058900077FA14E0D7F8E43003F04003002B0ED081
:1058A000D7F8E03003F04003002B08D0786800F010
:1058B000B7FA04E000BF02E000BF00E000BFE83735
:1058C000BD4680BD80B483B000AF786000BF0C37A8
:1058D000BD465DF8047B704780B483B000AF78604C
:1058E00000BF0C37BD465DF8047B704780B483B0C1
:1058F00000AF786000BF0C37BD465DF8047B704791
:1059000080B59CB000AF78607B689B6BFB667B6862
:105910001B681B6803F48073002B72D1FB6E00229E
:10592000DA85FB6E1B680C33FB64FB6C53E8003FAD
:10593000BB64BB6C23F48073BB66FB6E1B680C33CB
:10594000BA6EBA657B65796DBA6D41E800233B6537
:105950003B6D002BE5D1FB6E1B681433BB63BB6B47
:1059600053E8003F7B637B6B23F001037B66FB6E98
:105970001B6814337A6E7A643B64396C7A6C41E844
:105980000023FB63FB6B002BE5D1FB6E1B6814331C
:105990007B627B6A53E8003F3B623B6A23F0400333
:1059A0003B66FB6E1B6814333A6E3A63FB62F96A1E
:1059B0003A6B41E80023BB62BB6A002BE5D1FB6E6A
:1059C000202283F84220FB6E1B6B012B19D1FB6E4A
:1059D0001B680C333B613B6953E8003FFB60FB688D
:1059E00023F01003FB65FB6E1B680C33FA6DFA6144
:1059F000BB61B969FA6941E800237B617B69002BCF
:105A0000E5D1FB6E00225A63FB6E1B6B012B06D1A6
:105A1000FB6E9B8D1946F86E03F0F6FE02E0F86E01
:105A2000FFF75AFF00BF7037BD4680BD80B584B018
:105A300000AF78607B689B6BFB60FB6801225A6358
:105A4000FB681B6B012B08D1FB689B8D5B089BB22D
:105A50001946F86803F0D8FE02E0F868FFF746FF41
:105A600000BF1037BD4680BD80B584B000AF786000
:105A70000023FB607B689B6BBB60BB681B685B693A
:105A800003F08003802B0CBF01230023DBB2FB60FB
:105A9000BB6893F84130DBB2212B08D1FB68002BA7
:105AA00005D0BB680022DA84B86800F0CDF8BB6886
:105AB0001B685B6903F04003402B0CBF01230023EC
:105AC000DBB2FB60BB6893F84230DBB2222B08D11B
:105AD000FB68002B05D0BB680022DA85B86800F0AF
:105AE000DBF8BB685B6C43F01002BB685A64B868B3
:105AF00003F0EEFE00BF1037BD4680BD80B598B004
:105B000000AFF860B9601346FB80BA68FB689A6220
:105B1000FB68FA889A85FB6800225A64FB68222297
:105B200083F84220FB68DB6B444ADA63FB68DB6B7B
:105B3000434A1A64FB68DB6B424ADA64FB68DB6B3E
:105B400000221A6507F10803FB65FB68D86BFB6848
:105B50001B6804331946FB6D1A68FB88FDF71CFEB1
:105B60000346002B08D0FB6810225A64FB682022F1
:105B700083F8422001235DE000233B61FB681B6842
:105B80001B683B61FB681B685B683B613B69FB68AA
:105B90001B69002B19D0FB681B680C333B643B6C02
:105BA00053E8003FFB63FB6B43F48073BB65FB680A
:105BB0001B680C33BA6DFA64BB64B96CFA6C41E8CB
:105BC00000237B647B6C002BE5D1FB681B681433DE
:105BD000FB62FB6A53E8003FBB62BB6A43F0010310
:105BE0007B65FB681B6814337A6DBA637B63796BE2
:105BF000BA6B41E800233B633B6B002BE5D1FB68AC
:105C00001B681433BB61BB6953E8003F7B617B6950
:105C100043F040033B65FB681B6814333A6D7A62BE
:105C20003B62396A7A6A41E80023FB61FB69002B19
:105C3000E5D1002318466037BD4680BD01590008F4
:105C40002D5A0008695A000880B489B000AF786006
:105C50007B681B680C33FB60FB6853E8003FBB604C
:105C6000BB6823F0C003FB617B681B680C33FA69D7
:105C7000BA617B617969BA6941E800233B613B699C
:105C8000002BE5D17B68202283F8412000BF243718
:105C9000BD465DF8047B704780B495B000AF786076
:105CA0007B681B680C337B637B6B53E8003F3B6373
:105CB0003B6B23F49073FB647B681B680C33FA6CBA
:105CC0003A64FB63F96B3A6C41E80023BB63BB6B3E
:105CD000002BE5D17B681B6814333B623B6A53E8B9
:105CE000003FFB61FB6923F00103BB647B681B6819
:105CF0001433BA6CFA62BB62B96AFA6A41E80023EB
:105D00007B627B6A002BE5D17B681B6B012B19D171
:105D10007B681B680C33FB60FB6853E8003FBB608B
:105D2000BB6823F010037B647B681B680C337A6CC0
:105D3000BA617B617969BA6941E800233B613B69DB
:105D4000002BE5D17B68202283F842207B6800226B
:105D50001A6300BF5437BD465DF8047B704780B5B9
:105D600084B000AF78607B689B6BFB60FB680022AF
:105D7000DA85F86803F0ACFD00BF1037BD4680BD82
:105D800080B485B000AF78607B6893F84130DBB2B7
:105D9000212B3ED17B689B68B3F5805F14D17B6873
:105DA0001B69002B10D17B681B6AFB60FB681B889A
:105DB0001A467B681B68C2F308025A607B681B6A3C
:105DC0009A1C7B681A6208E07B681B6A591C7A6817
:105DD00011621A787B681B685A607B68DB8C9BB207
:105DE000013B9BB27A681946D184002B0FD17B68A6
:105DF0001B68DA687B681B6822F08002DA607B68C7
:105E00001B68DA687B681B6842F04002DA60002396
:105E100000E0022318461437BD465DF8047B704746
:105E200080B582B000AF78607B681B68DA687B68F9
:105E30001B6822F04002DA607B68202283F8412050
:105E40007868FFF73FFD002318460837BD4680BD40
:105E500080B58CB000AF78600023FB620023BB628A
:105E60007B6893F84230DBB2222B40F0AA807B683B
:105E70009B68B3F5805F15D17B681B69002B11D13E
:105E80007B689B6ABB627B681B685B689BB2C3F3E1
:105E900008039AB2BB6A1A807B689B6A9A1C7B686B
:105EA0009A6224E07B689B6AFB627B689B68B3F51F
:105EB000805F07D07B689B68002B0AD17B681B69D9
:105EC000002B06D17B681B685B68DAB2FB6A1A702C
:105ED00008E07B681B685B68DBB203F07F03DAB223
:105EE000FB6A1A707B689B6A5A1C7B689A627B68A3
:105EF000DB8D9BB2013B9BB27A681946D185002BA2
:105F00005DD17B681B68DA687B681B6822F0200221
:105F1000DA607B681B68DA687B681B6822F4807231
:105F2000DA607B681B685A697B681B6822F0010293
:105F30005A617B68202283F842207B6800225A63E2
:105F40007B681B6B012B35D17B6800221A637B6851
:105F50001B680C337B617B6953E8003F3B613B6905
:105F600023F010037B627B681B680C337A6A3A6209
:105F7000FB61F9693A6A41E80023BB61BB69002B08
:105F8000E5D17B681B681B6803F01003102B0AD156
:105F90000023FB607B681B681B68FB607B681B68D9
:105FA0005B68FB60FB687B689B8D1946786803F033
:105FB0002BFC02E07868FFF78FFC002302E000234F
:105FC00000E0022318463037BD4680BD2DE9B04FB2
:105FD000C0B000AFC7F8F400D7F8F4301B681B69F5
:105FE00023F44050D7F8F430D968D7F8F4301A6861
:105FF00040EA01031361D7F8F4309A68D7F8F43017
:106000001B691A43D7F8F4305B691A43D7F8F430A8
:10601000DB691343C7F8F830D7F8F4301B68DB6846
:1060200023F4164121F00C01D7F8F4301A68D7F8A0
:10603000F8300B43D360D7F8F4301B685B6923F466
:106040004070D7F8F4309969D7F8F4301A6840EA0C
:1060500001035361D7F8F4301A688F4B9A4205D088
:10606000D7F8F4301A688D4B9A4204D1FDF7D2F874
:10607000C7F8FC0003E0FDF7B9F8C7F8FC00D7F853
:10608000F430DB69B3F5004F40F00C81D7F8FC30F9
:106090000022C7F8E830C7F8EC20D7E93A45224695
:1060A0002B469118B9655B41FB65D7E9162321465C
:1060B00012EB0108294643EB01094FF000024FF0B3
:1060C00000034FEAC90343EA58734FEAC8029046F7
:1060D0009946234618EB0303C7F8E0302B4649EBFB
:1060E0000303C7F8E430D7F8F4305B680022C7F840
:1060F000D830C7F8DC20D7E936120B46DB183B65F1
:10610000134642EB03037B65D7E91423D7E9380133
:10611000FAF74CFD02460B46614BA3FB02235B09D9
:106120001C01D7F8FC300022C7F8D030C7F8D420C3
:10613000D7E9348942464B469118B9645B41FB6408
:10614000D7E91223414612EB010A494643EB010B02
:106150004FF000024FF000034FEACB0343EA5A73BB
:106160004FEACA0292469B4643461AEB0303C7F81E
:10617000C8304B464BEB0303C7F8CC30D7F8F430AC
:106180005B680022C7F8C030C7F8C420D7E93012D6
:106190000B46DB183B64134642EB03037B64D7E9F1
:1061A0001023D7E93201FAF701FD02460B461146EA
:1061B0003B4BA3FB01235B09642202FB03F3CB1AD5
:1061C000DB0003F13202364BA3FB02235B095B00C9
:1061D00003F4F8731C44D7F8FC300022C7F8B83039
:1061E000C7F8BC20D7E92E8942464B469118B963BF
:1061F0005B41FB63D7E90E23414651183963494699
:106200004B417B634FF000024FF00003D7E90CAB2A
:106210005946CB00514643EA51735146CA001046D5
:106220001946034642469B18C7F8B0304B460A460B
:1062300042EB0303C7F8B430D7F8F4305B680022B0
:10624000C7F8A830C7F8AC20D7E92A120B46DB18EC
:10625000BB62134642EB0303FB62D7E90A23D7E98B
:106260002C01FAF7A3FC02460B460D4BA3FB0213CD
:106270005B09642101FB03F3D31ADB003233084AC4
:10628000A2FB03235B0903F00702D7F8F4301B6875
:1062900022449A6006E100BF001001400014014052
:1062A0001F85EB51D7F8FC300022C7F8A030C7F8A3
:1062B000A420D7E9288942464B46911839625B41B0
:1062C0007B62D7E9082341465418494643EB010550
:1062D0004FF000024FF00003EB0043EA5473E2007A
:1062E00014461D464346E318C7F898304B4645EB25
:1062F0000303C7F89C30D7F8F4305B680022C7F876
:106300009030C7F894204FF000024FF00003D7E917
:10631000244529468B00214643EA917321468A0091
:10632000D7E92601FAF742FC02460B46604BA3FB75
:1063300002235B091C01D7F8FC300022C7F8883023
:10634000C7F88C20D7E9228942464B469118B9619B
:106350005B41FB61D7E90623414651183961494643
:106360004B417B614FF000024FF00003D7E904ABD3
:106370005946CB00514643EA51735146CA00104674
:106380001946034642469B18C7F880304B460A46DA
:1063900042EB0303C7F88430D7F8F4305B6800227F
:1063A000BB67FA674FF000024FF00003D7E91E8980
:1063B00049468B00414643EA917341468A00D7E93A
:1063C0002001FAF7F3FB02460B461146384BA3FBBC
:1063D00001235B09642202FB03F3CB1A1B01323356
:1063E000334AA2FB03235B0903F0F0031C44D7F8F4
:1063F000FC3000223B677A67D7E91C8942464B464E
:106400009118B9605B41FB60D7E9022341465118FE
:10641000396049464B417B604FF000024FF000036A
:10642000D7E900AB5946CB00514643EA5173514678
:10643000CA0010461946034642469B18BB664B46A7
:106440000A4642EB0303FB66D7F8F4305B68002290
:106450003B667A664FF000024FF00003D7E91889D7
:1064600049468B00414643EA917341468A00D7E989
:106470001A01FAF79BFB02460B460D4BA3FB0213D6
:106480005B09642101FB03F3D31A1B013233084A71
:10649000A2FB03235B0903F00F02D7F8F4301B685B
:1064A00022449A6000BF07F58077BD46BDE8B08FF3
:1064B0001F85EB5180B483B000AF78607B6803F137
:1064C00008027B685A607B684FF0FF329A607B68F5
:1064D00003F108027B68DA607B6803F108027B68DD
:1064E0001A617B6800221A6000BF0C37BD465DF858
:1064F000047B704780B483B000AF78607B68002273
:106500001A6100BF0C37BD465DF8047B704780B44C
:1065100085B000AF786039607B685B68FB603B6882
:10652000FA685A60FB689A683B689A60FB689B68E7
:106530003A685A60FB683A689A603B687A681A6100
:106540007B681B685A1C7B681A6000BF1437BD4605
:106550005DF8047B704780B485B000AF7860396027
:106560003B681B68BB60BB68B3F1FF3F03D17B682E
:106570001B69FB600CE07B680833FB6002E0FB6892
:106580005B68FB60FB685B681B68BA689A42F6D27E
:10659000FB685A683B685A603B685B683A689A6077
:1065A0003B68FA689A60FB683A685A603B687A68A8
:1065B0001A617B681B685A1C7B681A6000BF14371D
:1065C000BD465DF8047B704780B485B000AF78604D
:1065D0007B681B69FB607B685B687A6892689A607D
:1065E0007B689B687A6852685A60FB685B687A6867
:1065F0009A4203D17B689A68FB685A607B680022E4
:106600001A61FB681B685A1EFB681A60FB681B68EE
:1066100018461437BD465DF8047B704780B58EB0D0
:1066200004AFF860B9607A603B607B6B002B0BD1E4
:106630004FF0500383F31188BFF36F8FBFF34F8F79
:106640003B6200BF00BFFDE7BB6B002B0BD14FF0DF
:10665000500383F31188BFF36F8FBFF34F8FFB613C
:1066600000BF00BFFDE764233B613B69642B0BD097
:106670004FF0500383F31188BFF36F8FBFF34F8F39
:10668000BB6100BF00BFFDE73B69BB6B002B1ED0A9
:106690007B6B002B1BD0BB6B7B627B6A7A6B1A63B4
:1066A0007B6A022283F86120002303937B6A0293B2
:1066B00007F1140301933B6B00933B687A68B96858
:1066C000F86800F050F8786A00F0D6F801E000238E
:1066D0007B617B6918462837BD4680BD80B58CB08C
:1066E00004AFF860B9603B601346FB80FB889B00F9
:1066F000184600F041FD78617B69002B0ED06420C4
:1067000000F03AFDF861FB69002B03D0FB697A6960
:106710001A6305E0786900F0FDFD01E00023FB61EC
:10672000FB69002B17D0FB69002283F86120FA88EF
:1067300000230393FB690293FB6A0193BB6A0093F6
:106740003B68B968F86800F00EF8F86900F094F852
:106750000123BB6102E04FF0FF33BB61BB69184608
:106760002037BD4680BD80B588B000AFF860B96005
:106770007A603B603B6B1A6B7B6803F18043013BA3
:106780009B001344BB61BB6923F00703BB61BB697A
:1067900003F00703002B0BD04FF0500383F3118855
:1067A000BFF36F8FBFF34F8F7B6100BF00BFFDE76B
:1067B000BB68002B1FD00023FB6112E0BA68FB69A5
:1067C000134419783A6BFB69134434330A461A7040
:1067D000BA68FB6913441B78002B06D0FB690133B0
:1067E000FB61FB691F2BE9D900E000BF3B6B002276
:1067F00083F8532003E03B6B002283F83420BB6A0C
:10680000062B01D90623BB623B6BBA6ADA623B6B8B
:10681000BA6A5A653B6B00229A653B6B0433184693
:10682000FFF768FE3B6B18331846FFF763FE3B6BC0
:106830003A6B1A61BB6AC3F107023B6B9A613B6B0F
:106840003A6B5A623B6B0022DA653B6B002283F89D
:1068500060203A68F968B86900F07CFE02463B6B3C
:106860001A60FB6A002B02D0FB6A3A6B1A6000BF09
:106870002037BD4680BD000080B582B000AF786093
:1068800000F09AFF2A4B1B680133294A1360294BF9
:106890001B68002B09D1274A7B681360244B1B68B7
:1068A000012B10D100F0C4FA0DE0234B1B68002B24
:1068B00009D1204B1B68DA6A7B68DB6A9A4202D8EE
:1068C0001C4A7B6813601D4B1B6801331B4A136015
:1068D0007B68DB6A01229A40194B1B681343184AF4
:1068E00013607B68DA6A13469B0013449B00154AC9
:1068F0001A447B68043319461046FFF708FE00F07F
:106900008DFF0D4B1B68002B0ED00A4B1B68DA6AFB
:106910007B68DB6A9A4207D20B4B4FF080521A60B9
:10692000BFF34F8FBFF36F8F00BF0837BD4680BDE9
:1069300030040020300300203C0400204C040020E0
:10694000380400203403002004ED00E080B584B05A
:1069500000AF78600023FB607B68002B18D0144BDD
:106960001B68002B0BD04FF0500383F31188BFF34B
:106970006F8FBFF34F8FBB6000BF00BFFDE700F01C
:106980007DF80021786800F011FB00F085F8F860D0
:10699000FB68002B07D1074B4FF080521A60BFF302
:1069A0004F8FBFF36F8F00BF1037BD4680BD00BF54
:1069B0005804002004ED00E080B58AB004AF002345
:1069C000BB6000237B603A46391D07F10803184677
:1069D00001F0A0F939687B68BA680292019300233C
:1069E000009300230A461F491F48FFF717FE03467E
:1069F0001E4A13601D4B1B68002B02D001237B61D4
:106A000001E000237B617B69012B16D14FF050031D
:106A100083F31188BFF36F8FBFF34F8F3B6100BFCC
:106A2000134B4FF0FF321A60124B01221A60124BC7
:106A300000221A6000F01CFE0FE07B69B3F1FF3FFB
:106A40000BD14FF0500383F31188BFF36F8FBFF367
:106A50004F8FFB6000BF00BFFDE700BF1837BD468A
:106A600080BD00BF686C0108016E0008540400205E
:106A7000500400203C0400203404002080B400AF07
:106A8000044B1B680133034A136000BFBD465DF829
:106A9000047B70475804002080B584B000AF002309
:106AA000FB600023BB60424B1B68002B0BD14FF0F7
:106AB000500383F31188BFF36F8FBFF34F8F3B6099
:106AC00000BF00BFFDE700F077FE394B1B68013BBC
:106AD000374A1360364B1B68002B61D1354B1B685E
:106AE000002B5DD02EE0344BDB68DB68FB60FB687D
:106AF00018331846FFF768FDFB6804331846FFF7A4
:106B000063FDFB68DB6A01229A402C4B1B68134330
:106B10002A4A1360FB68DA6A13469B0013449B0001
:106B2000274A1A44FB68043319461046FFF7EFFC66
:106B3000FB68DA6A234B1B68DB6A9A4202D3224B5A
:106B400001221A601C4B1B68002BCCD1FB68002B68
:106B500001D000F00BFA1D4B1B687B607B68002B9B
:106B600010D000F037F80346002B02D0164B01225C
:106B70001A607B68013B7B607B68002BF1D1134B73
:106B800000221A60104B1B68002B09D00123BB6048
:106B90000F4B4FF080521A60BFF34F8FBFF36F8FD0
:106BA00000F03CFEBB6818461037BD4680BD00BFF4
:106BB0005804002030040020F00300203804002096
:106BC000340300203003002044040020400400204F
:106BD00004ED00E080B586B000AF00237B614F4B31
:106BE0001B68002B40F08F804D4B1B6801333B61CD
:106BF0004B4A3B6913603B69002B21D1494B1B6811
:106C00001B68002B0BD04FF0500383F31188BFF3A8
:106C10006F8FBFF34F8F3B6000BF00BFFDE7414B5D
:106C20001B68FB60404B1B683E4A13603E4AFB6892
:106C300013603E4B1B6801333C4A136000F096F929
:106C40003B4B1B683A699A4248D3364B1B681B681A
:106C5000002B04D1364B4FF0FF321A603EE0314B2F
:106C60001B68DB68DB68BB60BB685B687B603A699C
:106C70007B689A4203D22E4A7B6813602EE0BB6881
:106C800004331846FFF7A0FCBB689B6A002B04D0B6
:106C9000BB6818331846FFF797FCBB68DB6A012214
:106CA0009A40244B1B681343224A1360BB68DA6A7C
:106CB00013469B0013449B001F4A1A44BB680433CD
:106CC00019461046FFF723FCBB68DA6A1B4B1B68AA
:106CD000DB6A9A42B9D301237B61B6E7174B1B6885
:106CE000DA6A154913469B0013449B000B441B684A
:106CF000012B01D901237B61114B1B68002B07D0AD
:106D000001237B6104E00F4B1B6801330D4A1360C4
:106D10007B6918461837BD4680BD00BF5804002067
:106D200034040020E8030020EC0300204804002085
:106D300050040020380400203403002030030020D9
:106D4000440400204004002080B487B000AF274BEB
:106D50001B68002B03D0264B01221A6040E0244B15
:106D600000221A60234B1B68FB60FB68B3FA83F3B5
:106D7000FB72FB7AC3F11F037B611F497A691346DB
:106D80009B0013449B000B441B68002B0BD14FF05E
:106D9000500383F31188BFF36F8FBFF34F8F7B6076
:106DA00000BF00BFFDE77A6913469B0013449B00B8
:106DB000114A13443B613B695B685A683B695A60FE
:106DC0003B695A683B6908339A4204D13B695B6866
:106DD0005A683B695A603B695B68DB68074A136025
:106DE00000BF1C37BD465DF8047B70475804002087
:106DF0004404002038040020340300203003002025
:106E000080B582B000AF786000F052F8064B1B6886
:106E1000012BF9D9054B4FF080521A60BFF34F8F09
:106E2000BFF36F8FF0E700BF3403002004ED00E0F4
:106E300080B582B000AF00237B600CE07A68134617
:106E40009B0013449B00124A13441846FFF732FB81
:106E50007B6801337B607B68062BEFD90D48FFF719
:106E600029FB0D48FFF726FB0C48FFF723FB0C48D6
:106E7000FFF720FB0B48FFF71DFB0B4B054A1A6081
:106E80000A4B054A1A6000BF0837BD4680BD00BFE7
:106E900034030020C0030020D4030020F0030020AE
:106EA000040400201C040020E8030020EC03002060
:106EB00080B582B000AF19E000F07EFC104BDB68BB
:106EC000DB687B607B6804331846FFF77DFB0D4B66
:106ED0001B68013B0B4A13600B4B1B68013B0A4AC2
:106EE000136000F09BFC786800F010F8064B1B68FC
:106EF000002BE1D100BF00BF0837BD4680BD00BFF9
:106F000004040020300400201804002080B584B060
:106F100000AF78607B6893F86130002B08D17B6804
:106F20001B6B184600F0F6F9786800F0F3F919E0E9
:106F30007B6893F86130012B03D1786800F0EAF99F
:106F400010E07B6893F86130022B0BD04FF05003B8
:106F500083F31188BFF36F8FBFF34F8FFB6000BFC8
:106F600000BFFDE700BF1037BD4680BD80B483B0D1
:106F700000AF0C4B1B681B68002B04D10A4B4FF071
:106F8000FF321A6008E0074B1B68DB68DB687B6038
:106F90007B685B68044A136000BF0C37BD465DF830
:106FA000047B7047E80300205004002080B584B0C3
:106FB00000AF78603960294B1B68FB60284B1B6869
:106FC00004331846FFF700FB0346002B0BD1244B7C
:106FD0001B68DB6A012202FA03F3DA43214B1B68C8
:106FE0001340204A13607B68B3F1FF3F0AD13B682E
:106FF000002B07D01A4B1B68043319461A48FFF7B9
:1070000086FA26E0FA687B681344BB60144B1B6861
:10701000BA685A60BA68FB689A4209D2134B1A6878
:107020000F4B1B68043319461046FFF794FA10E023
:107030000F4B1A680A4B1B68043319461046FFF7BA
:107040008AFA0C4B1B68BA689A4202D2094ABB689A
:10705000136000BF1037BD4680BD00BF3404002060
:1070600030030020380400201C040020EC03002022
:10707000E80300205004002080B485B000AF034630
:10708000FB800023FB60B7F90630842B05D0B7F9ED
:107090000620FB6813440333FB60FB681846143773
:1070A000BD465DF8047B704780B500AFFFF784FCF8
:1070B0000023184680BDF0B589B004AF7860396010
:1070C0007B685B69002B20D07B689B69002B1CD000
:1070D0007B685C687B681D687B681E697B68B3F9A8
:1070E00008301846FFF7C8FF01467B685B697A687D
:1070F00092690292019300913B68324629462046EC
:10710000FFF78CFA0346FB601CE07B685C687B68D9
:107110001D687B681B699EB27B68B3F9083018460E
:10712000FFF7AAFF024607F10C03019300923B68A8
:10713000324629462046FFF7D1FA0346012B01D0FB
:10714000002300E0FB6818461437BD46F0BD80B54B
:1071500084B000AF78607B68FB60FB68002B01D0D7
:10716000FB6800E001231846FFF7F0FB00231846F8
:107170001037BD4680BD000080B58AB000AF786092
:107180000023FB61FFF77AFC5C4B1B68002B01D1ED
:1071900000F024F95A4B1A687B681340002B40F02A
:1071A00095807B68002B1ED008227B6813447B608F
:1071B0007B6803F00703002B15D07B6823F00703DF
:1071C00008337B607B6803F00703002B0BD04FF084
:1071D000500383F31188BFF36F8FBFF34F8F7B6131
:1071E00000BF00BFFDE77B68002B6FD0454B1B68DD
:1071F0007A689A426AD8444B3B62434B1B687B6275
:1072000004E07B6A3B627B6A1B687B627B6A5B682B
:107210007A689A4203D97B6A1B68002BF1D1374BFD
:107220001B687A6A9A4251D03B6A1B680822134451
:10723000FB617B6A1A683B6A1A607B6A5A687B68E2
:10724000D21A08235B009A4220D97A6A7B681344D9
:10725000BB61BB6903F00703002B0BD04FF0500359
:1072600083F31188BFF36F8FBFF34F8F3B6100BF74
:1072700000BFFDE77B6A5A687B68D21ABB695A6017
:107280007B6A7A685A60B86900F00AF91D4B1A687F
:107290007B6A5B68D31A1B4A13601A4B1A681B4B34
:1072A0001B689A4203D2174B1B68184A13607B6A0B
:1072B0005A68134B1B681A437B6A5A607B6A002228
:1072C0001A60134B1B680133114A1360FFF7E4FB8C
:1072D000FB6903F00703002B0BD04FF0500383F33F
:1072E0001188BFF36F8FBFF34F8FFB6000BF00BFEC
:1072F000FDE7FB6918462837BD4680BD6440002085
:1073000078400020684000205C4000206C40002055
:107310007040002080B586B000AF78607B687B61EC
:107320007B68002B4FD008235B427A6913447B6152
:107330007B693B613B695A68254B1B681340002BF6
:107340000BD14FF0500383F31188BFF36F8FBFF35E
:107350004F8FFB6000BF00BFFDE73B691B68002B40
:107360000BD04FF0500383F31188BFF36F8FBFF33F
:107370004F8FBB6000BF00BFFDE73B695A68144BED
:107380001B681340002B1ED03B691B68002B1AD1D1
:107390003B695A680E4B1B68DB431A403B695A60D5
:1073A000FFF76CFB3B695A680A4B1B681344094A98
:1073B0001360386900F074F8074B1B680133064A04
:1073C0001360FFF769FB00BF1837BD4680BD00BFE3
:1073D00078400020684000207440002080B485B0D0
:1073E00000AF4FF47053BB60274BFB60FB6803F0AA
:1073F0000703002B0CD0FB680733FB60FB6823F00E
:107400000703FB60BA68FB68D31A1F4A1344BB60CA
:10741000FB687B601D4A7B6813601C4B00225A602E
:107420007B68BA681344FB600822FB689B1AFB6008
:10743000FB6823F00703FB60FB68154A1360144BDD
:107440001B6800225A60124B1B6800221A607B687E
:107450003B603B68FA68D21A3B685A600C4B1A686A
:107460003B681A603B685B680A4A13603B685B686C
:10747000094A1360094B4FF000421A6000BF1437ED
:10748000BD465DF8047B70475C0400205C40002032
:10749000644000206C4000206840002078400020BC
:1074A00080B485B000AF7860284BFB6002E0FB68D9
:1074B0001B68FB60FB681B687A689A42F7D8FB6818
:1074C000BB60FB685B68BA6813447A689A4208D16B
:1074D000FB685A687B685B681A44FB685A60FB6803
:1074E0007B607B68BB607B685B68BA681A44FB683A
:1074F0001B689A4218D1FB681A68154B1B689A42A0
:107500000DD07B685A68FB681B685B681A447B680F
:107510005A60FB681B681A687B681A6008E00C4BAD
:107520001A687B681A6003E0FB681A687B681A6057
:10753000FA687B689A4202D0FB687A681A6000BFDA
:107540001437BD465DF8047B704700BF5C400020E7
:107550006440002080B485B000AFF860B9607A6004
:10756000FB68043BFB60FB684FF080721A60FB68AD
:10757000043BFB60BB6823F00102FB681A60FB68F8
:10758000043BFB600C4AFB681A60FB68143BFB6021
:107590007A68FB681A60FB68043BFB60FB686FF06D
:1075A00002021A60FB68203BFB60FB681846143738
:1075B000BD465DF8047B7047BD75000880B485B09A
:1075C00000AF00237B60134B1B68B3F1FF3F0BD070
:1075D0004FF0500383F31188BFF36F8FBFF34F8FCA
:1075E000FB6000BF00BFFDE74FF0500383F311883D
:1075F000BFF36F8FBFF34F8FBB6000BF00BF7B68CF
:10760000002BFCD000BF00BF1437BD465DF8047BE3
:10761000704700BF0C0000200000000000000000C8
:10762000074B19680868B0E8F04F80F30988BFF38A
:107630006F8F4FF0000080F311887047AFF3008028
:107640003003002000BF00BF08480068006880F3D6
:1076500008884FF0000080F3148862B661B6BFF36B
:107660004F8FBFF36F8F00DF00BF00BF08ED00E05A
:1076700080B586B000AF474B1B68474A93420BD199
:107680004FF0500383F31188BFF36F8FBFF34F8F19
:10769000FB6000BF00BFFDE73E4B1B683F4A9342C3
:1076A0000BD14FF0500383F31188BFF36F8FBFF3FB
:1076B0004F8F3B6100BF00BFFDE7394B7B617B69AA
:1076C0001B78DBB27B607B69FF221A707B691B78B9
:1076D000DBB2FB70FB78DBB203F05003DAB2314B64
:1076E0001A70314B07221A6009E02F4B1B68013BCF
:1076F0002D4A1360FB78DBB25B00DBB2FB70FB78DA
:10770000DBB203F08003802BEFD0274B1B68C3F163
:107710000703042B0BD04FF0500383F31188BFF302
:107720006F8FBFF34F8FBB6000BF00BFFDE71E4BE5
:107730001B681B021C4A13601B4B1B6803F4E063AD
:10774000194A13607B68DAB27B691A70174B1B68A1
:10775000164A43F470031360144B1B68134A43F03A
:107760007043136000F0DAF8114B00221A6000F049
:10777000F9F8104B1B680F4A43F040431360FFF7C2
:1077800063FFFFF7E1FAFFF719FF002318461837E8
:10779000BD4680BD00ED00E071C20F4170C20F41D7
:1077A00000E400E07C4000208040002020ED00E06C
:1077B0000C00002034EF00E080B483B000AF4FF045
:1077C000500383F31188BFF36F8FBFF34F8F7B603C
:1077D00000BF104B1B6801330E4A13600D4B1B6832
:1077E000012B10D10C4B1B68DBB2002B0BD04FF0E0
:1077F000500383F31188BFF36F8FBFF34F8F3B604C
:1078000000BF00BFFDE700BF0C37BD465DF8047B3D
:10781000704700BF0C00002004ED00E080B483B08E
:1078200000AF124B1B68002B0BD14FF0500383F3BA
:107830001188BFF36F8FBFF34F8F7B6000BF00BF16
:10784000FDE70A4B1B68013B084A1360074B1B68A6
:10785000002B05D100233B603B6883F3118800BFF8
:1078600000BF0C37BD465DF8047B70470C0000205C
:10787000EFF30980BFF36F8F154B1A681EF0100FDE
:1078800008BF20ED108A20E9F04F10602DE90900B3
:107890004FF0500080F31188BFF34F8FBFF36F8F0D
:1078A000FFF752FA4FF0000080F3118809BC196805
:1078B0000868B0E8F04F1EF0100F08BFB0EC108A57
:1078C00080F30988BFF36F8F704700BFAFF300806C
:1078D0003003002000BF00BF80B582B000AF4FF082
:1078E000500383F31188BFF36F8FBFF34F8F7B601B
:1078F00000BFFFF76FF90346002B03D0064B4FF094
:1079000080521A6000233B603B6883F3118800BFFC
:1079100000BF0837BD4680BD04ED00E080B400AF75
:107920000B4B00221A600B4B00221A600A4B1B689B
:107930000A4AA2FB03239B09094A013B1360044B3B
:1079400007221A6000BFBD465DF8047B704700BF88
:1079500010E000E018E000E000000020D34D6210CD
:1079600014E000E0DFF80C00016841F470010160F0
:10797000704700BF88ED00E080B500AFFCF742FB28
:1079800000F01CF800F09CF800F02EFB00F000FA6C
:1079900000F072FB00F076FE00F09EFE00F0ECFCC2
:1079A00000F0E0FB00F02AFA00F076FD0AF0A0FB00
:1079B00000F0CAF9FFF778FB00BFFDE780B594B08F
:1079C00000AF07F120033022002118460EF0BDFA67
:1079D00007F10C0300221A605A609A60DA601A619B
:1079E0000023BB60284B1B6C274A43F08053136471
:1079F000254B1B6C03F08053BB60BB6800237B608E
:107A0000224B1B68214A43F4804313601F4B1B68C1
:107A100003F480437B607B6801233B624FF4803337
:107A20007B620223BB634FF48003FB6306233B644A
:107A3000A8237B640223BB640423FB6407F12003B7
:107A40001846FAF7A3FF0346002B01D000F032F8E6
:107A50000F23FB6002233B6100237B614FF4A053A3
:107A6000BB614FF48053FB6107F10C0305211846FD
:107A7000FBF704FA0346002B01D000F01BF800BF0F
:107A80005037BD4680BD00BF003802400070004046
:107A900080B582B000AF78607B681B68044A93426F
:107AA00001D1FCF7D1FA00BF0837BD4680BD00BF49
:107AB0000020004080B400AF72B600BF00BFFDE7F9
:107AC00080B58EB000AF07F1240300221A605A601F
:107AD0009A60DA601A6100233B62884B1B6B874A0D
:107AE00043F002031363854B1B6B03F002033B62FD
:107AF0003B6A0023FB61814B1B6B804A43F04003D0
:107B000013637E4B1B6B03F04003FB61FB69002397
:107B1000BB617A4B1B6B794A43F001031363774BCC
:107B20001B6B03F00103BB61BB6900237B61734BDB
:107B30001B6B724A43F008031363704B1B6B03F01B
:107B400008037B617B6900233B616C4B1B6B6B4AB9
:107B500043F020031363694B1B6B03F020033B616D
:107B60003B690023FB60654B1B6B644A43F0800359
:107B70001363624B1B6B03F08003FB60FB68002305
:107B8000BB605E4B1B6B5D4A43F0040313635B4BAE
:107B90001B6B03F00403BB60BB6800237B60574B87
:107BA0001B6B564A43F010031363544B1B6B03F0DB
:107BB00010037B607B6800224FF480715048FBF714
:107BC00023FD002240214F48FBF71EFD00224FF409
:107BD000C0514D48FBF718FD012210214B48FBF71F
:107BE00013FD012241F201014948FBF70DFD00227E
:107BF0004FF460414648FBF707FD4FF480737B620A
:107C00000123BB620023FB6200233B6307F12403D3
:107C100019463B48FBF744FB40237B620123BB62D0
:107C20000023FB6200233B6307F124031946354818
:107C3000FBF736FB4FF4C0537B620123BB6200238A
:107C4000FB6200233B6307F1240319462E48FBF730
:107C500027FB08237B624FF48813BB620123FB627E
:107C600007F1240319462748FBF71AFB01237B621F
:107C70000023BB620023FB6207F12403194623485B
:107C8000FBF70EFB10237B620123BB620123FB6227
:107C900002233B6307F1240319461C48FBF700FB52
:107CA00030237B624FF48813BB620023FB6207F131
:107CB000240319461248FBF7F3FA4FF470437B6232
:107CC0000123BB620023FB6200233B6307F1240313
:107CD00019460F48FBF7E4FA01237B620123BB62DC
:107CE0000123FB6202233B6307F124031946084882
:107CF000FBF7D6FA00BF3837BD4680BD00380240DA
:107D00000008024000180240001C0240000002402F
:107D10000004024080B485B000AFF860B9607A60BA
:107D2000FB68074A1A60BB68064A1A607B688022B3
:107D30001A6000BF1437BD465DF8047B704700BF72
:107D400088400020EC400020B0B588B000AF0A4B5E
:107D50003C1D1D460FCD0FC495E8070084E80700C1
:107D60003B1D00211846FFF7A6F90346034A13609E
:107D700000BF2037BD46B0BD7C6C010884400020A8
:107D800080B582B000AF78600120FFF7E0F9FBE733
:107D900080B500AF174B184A1A60164B03225A6081
:107DA000144B00229A60134B0022DA60114B4FF4FF
:107DB00010221A610F4B4FF400125A610D4B002232
:107DC0001A760C4B00225A760A4B00229A76094BFF
:107DD0000022DA76074B00221A77064B00225A77E8
:107DE0000448F9F71BFF0346002B01D0FFF762FEA2
:107DF00000BF80BDEC4200200064004080B500AFB1
:107E0000174B184A1A60164B03225A60144B002273
:107E10009A60134B0022DA60114B4FF410221A6162
:107E20000F4B4FF400125A610D4B00221A760C4B87
:107E300000225A760A4B00229A76094B0022DA7603
:107E4000074B00221A77064B00225A770448F9F7AD
:107E5000E5FE0346002B01D0FFF72CFE00BF80BDDE
:107E6000144300200068004080B58CB000AF7860FB
:107E700007F11C0300221A605A609A60DA601A61E6
:107E80007B681B68524A934245D1524B1B680133B1
:107E9000504A13604F4B1B68012B0DD10023BB616F
:107EA0004D4B1B6C4C4A43F0007313644A4B1B6CE4
:107EB00003F00073BB61BB6900237B61464B1B6B06
:107EC000454A43F008031363434B1B6B03F008035D
:107ED0007B617B690323FB6102233B6200237B629E
:107EE0000323BB620923FB6207F11C0319463B48CD
:107EF000FBF7D6F9002205211420FCF759F81420CD
:107F0000FCF772F8002205211520FCF751F8152026
:107F1000FCF76AF857E07B681B68314A934252D1FC
:107F200000233B612C4B1B6C2B4A43F08063136492
:107F3000294B1B6C03F080633B613B69254B1B683D
:107F40000133244A1360234B1B68012B0DD10023FE
:107F5000FB60214B1B6C204A43F0007313641E4BE3
:107F60001B6C03F00073FB60FB680023BB601A4BC3
:107F70001B6B194A43F002031363174B1B6B03F08F
:107F80000203BB60BB686023FB6102233B620023EA
:107F90007B620323BB620923FB6207F11C031946C2
:107FA0001048FBF77DF9002205214020FCF700F87E
:107FB0004020FCF719F8002205214120FBF7F8FFCB
:107FC0004120FCF711F800BF3037BD4680BD00BF2F
:107FD000006400403C43002000380240000C024096
:107FE000006800400004024080B582B000AF00236A
:107FF0007B60204B1B6B1F4A43F4800313631D4BB4
:108000001B6B03F480037B607B6800220521382012
:10801000FBF7CEFF3820FBF7E7FF002205213920D0
:10802000FBF7C6FF3920FBF7DFFF002205213A20CE
:10803000FBF7BEFF3A20FBF7D7FF002205213B20CC
:10804000FBF7B6FF3B20FBF7CFFF002205214520C1
:10805000FBF7AEFF4520FBF7C7FF002205214620B6
:10806000FBF7A6FF4620FBF7BFFF00BF0837BD4662
:1080700080BD00BF0038024080B500AF124B134AEC
:108080001A60114B124A5A600F4B00229A600E4B35
:108090000022DA600C4B4FF480421A610A4B002236
:1080A0005A61094B00229A61074B0022DA61064BA4
:1080B00000221A620448FBF7E7FF0346002B01D0B9
:1080C000FFF7F8FC00BF80BD40430020005800408F
:1080D000801A060080B58AB000AF786007F11403FB
:1080E00000221A605A609A60DA601A617B681B6825
:1080F000194A93422BD100233B61184B1B6B174A43
:1081000043F020031363154B1B6B03F020033B610B
:108110003B6903237B611223BB610023FB610323C3
:108120003B6204237B6207F1140319460C48FBF7FA
:10813000B7F80023FB60094B1B6C084A43F480032B
:108140001364064B1B6C03F48003FB60FB6800BFE9
:108150002837BD4680BD00BF0058004000380240AF
:108160000014024080B500AF174B184A1A60164B36
:108170004FF482725A60144B00229A60124B002214
:10818000DA60114B02221A610F4B01225A610E4B29
:108190004FF400729A610C4B1022DA610A4B0022F4
:1081A0001A62094B00225A62074B00229A62064B60
:1081B0000A22DA620448FCF704FC0346002B01D0D3
:1081C000FFF778FC00BF80BD9443002000300140E1
:1081D00080B58AB000AF786007F1140300221A60FE
:1081E0005A609A60DA601A617B681B685A4A934247
:1081F00040F0AE8000233B61584B5B6C574A43F420
:1082000080535364554B5B6C03F480533B613B6973
:108210000023FB60514B1B6B504A43F00203136376
:108220004E4B1B6B03F00203FB60FB680023BB603B
:108230004A4B1B6B494A43F001031363474B1B6BCB
:1082400003F00103BB60BB6818237B610223BB61A1
:108250000023FB6103233B6205237B6207F11403C8
:1082600019463F48FBF71CF880237B610223BB6162
:108270000023FB6103233B6205237B6207F11403A8
:1082800019463848FBF70CF8374B384A1A60364B1A
:108290004FF0C0625A60344B00229A60324B002289
:1082A000DA60314B4FF480621A612F4B00225A6121
:1082B0002D4B00229A612C4B0022DA612A4B0022BE
:1082C0001A62294B00225A622748FBF7B7F9034686
:1082D000002B01D0FFF7EEFB7B68234ADA64224AC9
:1082E0007B689363224B234A1A60214B4FF0C06294
:1082F0005A601F4B40229A601D4B0022DA601C4BD3
:108300004FF480621A611A4B00225A61184B002206
:108310009A61174B0022DA61154B00221A62144B46
:1083200000225A621248FBF789F90346002B01D05C
:10833000FFF7C0FB7B680E4A9A640D4A7B68936323
:10834000002205212320FBF733FE2320FBF74CFE00
:1083500000BF2837BD4680BD0030014000380240D4
:108360000004024000000240EC4300201064024080
:108370004C4400205864024080B592B000AF07F131
:10838000400300221A605A6007F1240300221A6099
:108390005A609A60DA601A615A619A613B1D202224
:1083A000002118460DF0D1FD394B3A4A1A60384B7E
:1083B000A7225A60364B00229A60354B4FF6FF7267
:1083C000DA60334B00221A61314B00225A61304B84
:1083D00000229A612E48F8F7BFFE0346002B01D019
:1083E000FFF768FB00233B6400237B6407F1400335
:1083F00019462748F9F730FB0346002B01D0FFF759
:1084000059FB60237B620023BB620023FB620023D5
:108410003B6300237B630023BB630023FB6307F103
:108420002403002219461A48F8F7D6FF0346002B0A
:1084300001D0FFF73FFB07F124030422194614483B
:10844000F8F7CAFF0346002B01D0FFF733FB0023E8
:108450007B600023BB600023FB6000233B610023A3
:108460007B614FF40053BB6100233B623B1D194607
:108470000748F9F76DFB0346002B01D0FFF71AFB05
:10848000034800F09BF800BF4837BD4680BD00BFE1
:10849000AC4400200000014080B58AB000AF07F175
:1084A000200300221A605A603B1D00221A605A60A5
:1084B0009A60DA601A615A619A61224B224A1A6004
:1084C000204B00225A601F4B00229A601D4B4FF632
:1084D000FF72DA601B4B00221A611A4B00229A616C
:1084E0001848F8F739FE0346002B01D0FFF7E2FAEF
:1084F00000233B6200237B6207F1200319461148E9
:10850000F9F7AAFA0346002B01D0FFF7D3FA60234C
:108510007B600023BB600023FB6000237B613B1D6D
:10852000082219460748F8F757FF0346002B01D0E9
:10853000FFF7C0FA034800F041F800BF2837BD46F6
:1085400080BD00BFF44400200008004080B485B026
:1085500000AF78607B681B68154A93420ED10023F8
:10856000FB60144B5B6C134A43F001035364114BE3
:108570005B6C03F00103FB60FB6812E07B681B6827
:108580000D4A93420DD10023BB600A4B1B6C094A74
:1085900043F004031364074B1B6C03F00403BB603C
:1085A000BB6800BF1437BD465DF8047B704700BF51
:1085B00000000140003802400008004080B58AB049
:1085C00000AF786007F1140300221A605A609A60C5
:1085D000DA601A617B681B68254A93421FD1002329
:1085E0003B61244B1B6B234A43F010031363214B65
:1085F0001B6B03F010033B613B694FF420637B610D
:108600000223BB610023FB6100233B6201237B62E9
:1086100007F1140319461848FAF742FE23E07B6875
:108620001B68164A93421ED10023FB60114B1B6B43
:10863000104A43F0020313630E4B1B6B03F002035B
:10864000FB60FB684FF480737B610223BB610023F6
:10865000FB6100233B6202237B6207F1140319468E
:108660000748FAF71DFE00BF2837BD4680BD00BF92
:1086700000000140003802400010024000080040A5
:108680000004024080B500AF114B124A1A60104B33
:108690004FF4E1325A600E4B00229A600C4B0022DC
:1086A000DA600B4B00221A61094B0C225A61084B0D
:1086B00000229A61064B0022DA610548FCF7AEFD04
:1086C0000346002B01D0FFF7F5F900BF80BD00BFC6
:1086D0003C4500200010014080B500AF114B124A0C
:1086E0001A60104B4FF4E1325A600E4B00229A6030
:1086F0000C4B0022DA600B4B00221A61094B0C2252
:108700005A61084B00229A61064B0022DA61054843
:10871000FCF784FD0346002B01D0FFF7CBF900BF27
:1087200080BD00BF844500200014014080B58CB09E
:1087300000AF786007F11C0300221A605A609A604B
:10874000DA601A617B681B685A4A934240F0C28023
:108750000023BB61584B5B6C574A43F010035364D2
:10876000554B5B6C03F01003BB61BB6900237B615D
:10877000514B1B6B504A43F0020313634E4B1B6B70
:1087800003F002037B617B6900233B614A4B1B6B57
:10879000494A43F001031363474B1B6B03F001038A
:1087A0003B613B698023FB6102233B6200237B62C8
:1087B0000323BB620723FB6207F11C0319463F48F2
:1087C000FAF76EFD4FF40073FB6102233B62002356
:1087D0007B620323BB620723FB6207F11C0319467C
:1087E0003748FAF75DFD374B374A1A60354B4FF083
:1087F00000625A60334B00229A60324B0022DA60EA
:10880000304B4FF480621A612E4B00225A612D4B7F
:1088100000229A612B4B0022DA612A4B4FF400327E
:108820001A62284B00225A622648FAF707FF0346CD
:10883000002B01D0FFF73EF97B68224ADA63214A18
:108840007B689363214B224A1A60204B4FF00062F1
:108850005A601E4B40229A601C4B0022DA601B4B70
:108860004FF480621A61194B00225A61174B0022A3
:108870009A61164B0022DA61144B4FF400321A62EF
:10888000124B00225A621148FAF7D8FE0346002B19
:1088900001D0FFF70FF97B680C4A9A630B4A7B689B
:1088A0009363002205212520FBF782FB2520FBF79F
:1088B0009BFBA8E000100140003802400004024089
:1088C00000000240CC450020406402402C460020BD
:1088D000B86402407B681B684D4A934240F0938025
:1088E0000023FB604B4B5B6C4A4A43F0200353640C
:1088F000484B5B6C03F02003FB60FB680023BB600C
:10890000444B1B6B434A43F040031363414B1B6BC7
:1089100003F04003BB60BB684FF48443FB61022358
:108920003B6200237B620323BB620823FB6207F1E7
:108930001C0319463848FAF7B3FC384B384A1A601A
:10894000364B4FF020625A60344B00229A60334B12
:108950000022DA60314B4FF480621A612F4B002203
:108960005A612E4B00229A612C4B0022DA612B4B6C
:108970004FF400321A62294B00225A622748FAF754
:108980005DFE0346002B01D0FFF794F87B68234A75
:10899000DA63224A7B689363224B234A1A60214B95
:1089A0004FF020625A601F4B40229A601D4B0022FC
:1089B000DA601C4B4FF480621A611A4B00225A6134
:1089C000184B00229A61174B0022DA61154B4FF4C5
:1089D00000321A62134B00225A621248FAF72EFE36
:1089E0000346002B01D0FFF765F87B680D4A9A63B8
:1089F0000C4A7B689363002205214720FBF7D8FAD5
:108A00004720FBF7F1FA00BF3037BD4680BD00BFFD
:108A10000014014000380240001802408C4600203B
:108A200028640240EC460020A064024080B400AFFD
:108A300000BFFDE780B400AF00BFFDE780B400AF2A
:108A400000BFFDE780B400AF00BFFDE780B400AF1A
:108A500000BFFDE780B400AF00BFBD465DF8047BFA
:108A60007047000080B500AF0248F9F76AFD00BF0B
:108A700080BD00BFEC42002080B500AF0248F9F78E
:108A800060FD00BF80BD00BFEC42002080B500AF9C
:108A90000248FCF7C9F900BF80BD00BF9443002025
:108AA00080B500AF0248FCF763FC00BF80BD00BF8B
:108AB0003C45002080B500AF0248F8F79CFB00BFA2
:108AC00080BD00BF4C47002080B500AF0248FAF7D8
:108AD0004DFF00BF80BD00BFEC43002080B500AF5C
:108AE0000248FAF743FF00BF80BD00BF8C4600205C
:108AF00080B500AF0248FAF739FF00BF80BD00BF64
:108B0000CC45002080B500AF0248FAF72FFF00BF28
:108B100080BD00BF4C44002080B500AF0248F9F78B
:108B200010FD00BF80BD00BF1443002080B500AF22
:108B30000248F9F706FD00BF80BD00BF14430020C6
:108B400080B500AF0248FAF711FF00BF80BD00BF3B
:108B5000EC46002080B500AF0248FAF707FF00BFDF
:108B600080BD00BF2C46002080B500AF0248FCF756
:108B7000FFFB00BF80BD00BF8445002080B582B0F0
:108B800000AF00237B60124B5B6C114A43F48043BF
:108B900053640F4B5B6C03F480437B607B68002362
:108BA0003B600B4B1B6C0A4A43F080531364084B29
:108BB0001B6C03F080533B603B6800220F216FF079
:108BC0000100FBF7F5F900BF0837BD4680BD00BFC7
:108BD0000038024080B58EB000AF78600023FB62A1
:108BE0000023BB620023FB60334B1B6C324A43F40F
:108BF00080731364304B1B6C03F48073FB60FB6861
:108C000007F1100207F1140311461846FAF716FB94
:108C10003B6AFB62FB6A002B03D1FAF7E7FA786341
:108C200004E0FAF7E3FA03465B007B637B6B234ABD
:108C3000A2FB03239B0C013BBB62214B214A1A6020
:108C40001F4B40F2E732DA601D4ABB6A53601C4B8F
:108C500000221A611A4B00229A60194B00229A6175
:108C60001748F8F7AFF9034687F8333097F83330F1
:108C7000002B1BD11248F8F7FFF9034687F8333071
:108C800097F83330002B11D12D20FBF7ADF97B681D
:108C90000F2B08D8002279682D20FBF789F90A4AA2
:108CA0007B68136002E0012387F8333097F8333094
:108CB00018463837BD4680BD0038024083DE1B436E
:108CC0004C470020002000400400002080B586B002
:108CD00000AF7860144A154BD31A7B617B693B6106
:108CE000134B1B68002B02D1114B124A1A60104B18
:108CF0001A687B6813443A699A4207D20DF00EFA5B
:108D000003460C221A604FF0FF3309E0084B1B6842
:108D1000FB60074B1A687B681344054A1360FB68C5
:108D200018461837BD4680BD0000022000400000F4
:108D3000944700201068002080B400AF012318463B
:108D4000BD465DF8047B704780B582B000AF7860A7
:108D500039600DF0E3F9034616221A604FF0FF3335
:108D600018460837BD4680BD80B582B000AF786038
:108D70004FF0FF317868FFF7E7FF00BFFDE780B5F0
:108D800086B000AFF860B9607A6000237B610AE0CA
:108D9000AFF300800146BB685A1CBA60CAB21A70B1
:108DA0007B6901337B617A697B689A42F0DB7B687F
:108DB00018461837BD4680BD80B586B000AFF86054
:108DC000B9607A6000237B6109E0BB685A1CBA6015
:108DD0001B781846AFF300807B6901337B617A69A9
:108DE0007B689A42F1DB7B6818461837BD4680BD28
:108DF00080B483B000AF78604FF0FF3318460C3773
:108E0000BD465DF8047B704780B483B000AF7860E6
:108E100039603B684FF400525A60002318460C3703
:108E2000BD465DF8047B704780B483B000AF7860C6
:108E3000012318460C37BD465DF8047B704780B4AB
:108E400085B000AFF860B9607A6000231846143727
:108E5000BD465DF8047B7047DFF834D0F8F7A0F822
:108E60000C480D490D4A002302E0D458C450043385
:108E7000C4188C42F9D30A4A0A4C002301E013605B
:108E80000432A242FBD30DF04FF9FEF775FD704797
:108E9000000002200000002010030020D8890108F3
:108EA000100300200C680020FEE7000080B584B0AD
:108EB00000AF786010200CF0C7FD0346FB60102265
:108EC0000021F8680DF041F87B689A68FB68DA6069
:108ED0007B681B88002B02D07B681A8800E0642224
:108EE000FB681A807B685A68FB685A607B685B88FD
:108EF000002B02D07B685A8800E06422FB681A814C
:108F00007B681A88FB681A81074B1B785A1CD1B200
:108F1000054A11701946054AFB6842F82130FB6882
:108F200018461037BD4680BD98480020984700205D
:108F300080B483B000AF78607B681A887B681A8140
:108F400000BF0C37BD465DF8047B704780B582B02A
:108F500000AF00237B601CE0134A7B6852F823308B
:108F60003B603B681B89002B06D03B681B89013B9B
:108F70009AB23B681A8109E03B685B68002B05D018
:108F80003B685B683A68D268104698477B68013353
:108F90007B60064B1B781A467B689342DCD300BF8C
:108FA00000BF0837BD4680BD984700209848002084
:108FB00080B483B000AF114B1B78DBB2002B16D10D
:108FC0000E4B01221A700E4B5B687B607A680D4B6A
:108FD0001B689A4204D20C4B1B6801330A4A136087
:108FE000074B5B68074A1360044B00221A7000BFEE
:108FF0000C37BD465DF8047B704700BFC0480020B9
:10900000001000E0B4480020B048002080B582B0D5
:1090100000AF7860164BDB68154A43F08073D3606D
:10902000144B00225A60134B1B68124A43F0010391
:1090300013607B68104A02FB03F3104A13600F4B66
:109040001B680F4AA2FB03239B090E4A13600B4BBC
:109050001B680D4AA2FB03239B0C0C4A13600C4BAC
:1090600000221A60FFF7A4FF00BF0837BD4680BD8D
:10907000F0ED00E0001000E040420F00A4480020A6
:10908000D34D6210A848002083DE1B43AC4800206B
:10909000B048002080B584B000AF7860104B5B68AA
:1090A000BB60BA687B681B68D31A07EE903AF8EE8B
:1090B000676A0C4B1B6807EE903AB8EE677AC6EE0B
:1090C000877AC7ED037ABA687B681A60FFF770FF8A
:1090D000FB6807EE903AB0EE670A1037BD4680BDD8
:1090E000001000E0A44800202DE9B04F98B000AF78
:1090F0005E4B5B68FB65FFF75BFF5D4B1B68002207
:109100009846914642464B464FF000004FF0000112
:10911000D90741EA5201D00702460B46B2EB0804D8
:1091200063EB090523193B6045EB05037B60D7E939
:10913000004514EB080A45EB090BFB6D0022BB64EC
:10914000FA64D7E912120B461AEB03033B64134689
:109150004BEB03037B64474BD7E91012C3E90012C2
:10916000444BD3E90001444B1B680022BB63FA6304
:10917000D7E90E23F7F71AFD02460B4610461946AB
:109180003E4BC3E900013B4BD3E900453A4B1B681A
:1091900000223B637A63394BD3E90023D7E90C897A
:1091A000494602FB01F0414601FB03F10144404600
:1091B000A0FB02237B6513463B657B6DCB187B656B
:1091C000D7E914120B46E31ABB62134665EB03039F
:1091D000FB622B4BD7E90A12C3E90012274BD3E9F4
:1091E0000023284B1A60264BD3E90001264B1B684D
:1091F00000223B627A62D7E90823F7F7D7FC0246E0
:109200000B4692B21F4B9A801D4BD3E900231D4998
:10921000898808461C49096800FB01F10020B961F2
:10922000F861D7E906452146511A3961294663EBB1
:1092300001037B61154BD7E90412C3E90012134BFC
:10924000D3E90001124B1B680022BB60FA60D7E92A
:109250000223F7F7ABFC02460B4692B2094BDA80C9
:1092600000BF6037BD46BDE8B08F00BF001000E012
:10927000B0480020B8480020A4480020C84800207A
:10928000D04800209C480020A8480020D848002052
:10929000AC48002080B582B000AFFFF725FF144B2B
:1092A0001B6807EE903AB8EE677A114B9B8807EE81
:1092B000903AF8EEE77ADFED0F6A67EEA67A37EEBE
:1092C000277A0B4BDB8807EE903AF8EEE77ADFED72
:1092D0000A6A67EEA67A77EE277AC7ED017A7B688D
:1092E00007EE903AB0EE670A0837BD4680BD00BF72
:1092F0009C4800206F12833ABD37863580B582B016
:1093000000AFFFF7F1FE114B1B684FF47A7202FBBE
:1093100003F30E4A9288134407EE903AB8EE677A48
:109320000A4BDB8807EE903AF8EEE77ADFED086A41
:1093300067EEA67A77EE277AC7ED017A7B6807EEAB
:10934000903AB0EE670A0837BD4680BD9C480020C1
:109350006F12833A80B485B000AF87ED010A124BDB
:109360005B68FB607B68BB6000BF0F4B5A68FB68A3
:10937000D31A07EE903AB8EE677A0C4B1B6807EEEB
:10938000903AF8EE676AD7ED027A66EEA77AB4EE05
:10939000E77AF1EE10FAE8D400BF00BF1437BD46FB
:1093A0005DF8047B704700BF001000E0A448002077
:1093B00080B58CB000AF786001233B6200237B62F4
:1093C0007B68DB6903F00103002B0CBF0123002342
:1093D000DBB2BB610E23FB627B685B6B5B01FB60F6
:1093E0007B681B680F4A934206D10F4B1B785A1CAF
:1093F000D1B20D4A117005E00C4B1B785A1CD1B24A
:109400000A4A1170FB610123BB627B681B6807F18C
:10941000080211461846F8F7FDFC00BF3037BD467C
:1094200080BD00BFEC420020214900201000002038
:1094300080B500AF0B48F8F7CBFD02210948F9F7DA
:109440005AF810210748F9F756F80748F8F7C0FD11
:1094500002210548F9F74FF810210348F9F74BF8B6
:1094600000BF80BDEC4200201443002080B584B0D2
:1094700000AF78603F4B1B78002B01D1FFF7D8FF7E
:109480003C4B1B780F2B01D900BFFDE70023FB608D
:1094900016E0394AFB6852F823305A6B7B689B68A8
:1094A0009A420AD1344AFB6852F823301A687B6822
:1094B0001B689A4201D100BFFDE7FB680133FB60E6
:1094C0002C4B1B781A46FB689342E2D341200CF0E8
:1094D000BBFA0346BB6041220021B8680CF035FDA1
:1094E0007B685A68BB685A60BB6800221A73002206
:1094F0005A7300229A730022DA73BB6800221A742E
:1095000000225A7400229A740022DA74BB68002286
:1095100042F008021A7500225A7500229A7500223C
:10952000DA757B681A68BB681A607B685A68BB6822
:10953000DA617B689A68BB685A637B68DA68BB68E3
:10954000C3F839207B681A69BB68C3F83D20B86846
:10955000FFF72EFF074B1B785A1CD1B2054A11703A
:109560001946054ABB6842F82130BB6818461037D7
:10957000BD4680BD20490020E048002080B584B071
:1095800000AF786087ED000AFFF7B8FE87ED030AA9
:1095900016E0FFF7B3FEB0EE407AD7ED037A77EE30
:1095A000677A97ED007AB4EEE77AF1EE10FA00D41C
:1095B00006E01A4B1B680133184A1360002328E0A9
:1095C0007B681B681846F8F717FE0346002BE0D0AF
:1095D000FFF794FEB0EE407AD7ED037A77EE677A24
:1095E0000F4BC3ED007A7B6818687B68191D7B6898
:1095F00003F124027B682033F8F72EFD0346002B8D
:1096000006D0064B1B680133044A1360002300E0B8
:10961000012318461037BD4680BD00BF24490020F5
:109620002849002080B586B000AF786039604DE0F1
:1096300007F10C032B4A39687868F8F712FE00230B
:109640007B613DE0284A7B6952F823301B687A68C9
:109650009A4232D1234B1A6823497B6951F823304F
:109660005B6B9A4229D1204A7B6952F82330D3F8A8
:109670003930002B32D01B4B19691B4A7B6952F8D9
:109680002330CAB283F83820174A7B6952F8233056
:109690002C33144A126907F10C0118460CF073FDC3
:1096A000114A7B6952F82330D3F839300E497A6970
:1096B00051F822201046984711E07B6901337B6105
:1096C0000A4B1B781A467B699342BBD3396878688A
:1096D000F8F7E9FE0346002BAAD100E000BF1837D7
:1096E000BD4680BD2C490020E048002020490020D4
:1096F00080B582B000AF786000217868FFF792FFF4
:1097000000BF0837BD4680BD80B582B000AF78602D
:1097100001217868FFF786FF00BF0837BD4680BD8E
:1097200080B582B000AF78607B68D3F804017968B7
:109730007B6893F800311A46FBF7C0FD7B68D3F8CD
:109740000431DB6B1B681A687B68D3F80431DB6B70
:109750001B6822F008021A6000BF0837BD4680BDB2
:1097600080B584B000AF7860254B1B78022B01D9FF
:1097700000BFFDE70023FB730EE0FB7B214A52F89C
:109780002330D3F804217B685B689A4201D100BF83
:10979000FDE7FB7B0133FB73194B1B78FA7B9A4285
:1097A000EBD34FF486700CF04FF90346BB604FF4D7
:1097B00086720021B8680CF0C8FB7B685A68BB68E9
:1097C000C3F804217B681A78BB6883F800217B68A2
:1097D0009A68BB68C3F80821094B1B785A1CD1B2A0
:1097E000074A11701946074ABB6842F82130B86829
:1097F000FFF796FFBB6818461037BD4680BD00BF17
:10980000484900204C49002080B584B000AF786002
:109810000B467B800023FB734DE0FB7B2A4A52F80A
:109820002330D3F804317A689A4241D1FB7B264A2F
:1098300052F82330D3F80831002B10D0FB7B224A9A
:1098400052F82330D3F808319847FB7B1E4A52F870
:10985000233018467B881A4600210CF076FBFB7BF0
:10986000194A52F82330D3F80401FB7B164A52F808
:1098700023301946FB7B144A52F8233093F8003109
:109880001A46FBF71BFDFB7B0F4A52F82330D3F837
:109890000431DB6B1B681A68FB7B0B4951F82330E2
:1098A000D3F80431DB6B1B6822F008021A6007E072
:1098B000FB7B0133FB73054B1B78FA7B9A42ACD3DD
:1098C0001037BD4680BD00BF4C49002048490020EC
:1098D00080B584B000AF78600023FB7334E0FB7B7D
:1098E0001D4A52F82330D3F804317A689A4228D1BD
:1098F000FB7B194A52F82330D3F80401FB7B164A4C
:1099000052F823301946FB7B134A52F8233093F860
:1099100000311A46FBF7D2FCFB7B0F4A52F823308A
:10992000D3F80431DB6B1B681A68FB7B0A4951F8DA
:109930002330D3F80431DB6B1B6822F008021A6075
:1099400007E0FB7B0133FB73044B1B78FA7B9A42E5
:10995000C5D31037BD4680BD4C4900204849002082
:1099600080B487B000AF87ED030AC7ED020A87ED28
:10997000011A0346FB7097ED017AD7ED027A77EE74
:10998000677AC7ED057ABB683B6197ED037AD7ED3F
:10999000047A37EE677AFB78012202FA03F3013B7F
:1099A00007EE903AF8EEE77A67EE276A97ED057AC8
:1099B000C6EE877AFCEEE77A17EE903A9BB218462D
:1099C0001C37BD465DF8047B704780B483B000AFA0
:1099D00000237B600CE000233B6002E03B68013326
:1099E0003B603B68B3F57A7FF8D37B6801337B60DB
:1099F0007B68B3F57A7FEED300BF00BF0C37BD465E
:109A00005DF8047B7047000080B586B002AF034666
:109A1000FB7100233B73FB797B7307F10C020A2374
:109A20000093022378210348FAF772FC00BF103735
:109A3000BD4680BD404300202DE9F04389B002AF10
:109A400078600B46FB706B461E46FB78591C4B1E1C
:109A50003B610A460023904699464FF000024FF0C2
:109A600000034FEAC90343EA58734FEAC8020A46A3
:109A7000002314461D464FF000024FF00003EB0098
:109A800043EA5473E2000B460733DB08DB00ADEB1F
:109A9000030D02AB0033FB60FB6840221A70002309
:109AA000FB750AE0FB7D7A681A44FB7D013311786F
:109AB000FA68D154FB7D0133FB75FA7DFB789A423D
:109AC000F0D3FB789BB201339BB20A220092FA6872
:109AD00078210E48FAF71CFC0346002B0FD00C4BE4
:109AE0001B8801339AB20A4B1A80094B1B88642BDE
:109AF00005D9074B00221A80064B00221A70B54682
:109B000000BF1C37BD46BDE8F08300BF40430020C6
:109B1000584D00201100002080B500AFFFF755FF21
:109B2000AE20FFF771FFD520FFF76EFF8020FFF713
:109B30006BFFA820FFF768FF3F20FFF765FFD320EA
:109B4000FFF762FF0020FFF75FFF4020FFF75CFF99
:109B5000A120FFF759FFC820FFF756FFDA20FFF7D3
:109B600053FF1220FFF750FF8120FFF74DFFCF205A
:109B7000FFF74AFFD920FFF747FFF120FFF744FF27
:109B8000DB20FFF741FF3020FFF73EFFA420FFF767
:109B90003BFFA620FFF738FF8D20FFF735FF14208D
:109BA000FFF732FFAF20FFF72FFF00F061F800F062
:109BB0003FF800BF80BD80B582B000AF03460A46C3
:109BC000FB711346BB71FB7963F04F03DBB21846A0
:109BD000FFF71AFFBB791B09DBB243F01003DBB2BE
:109BE0001846FFF711FFBB7903F00F03DBB21846ED
:109BF000FFF70AFF00BF0837BD4680BD80B485B0BF
:109C000000AF786039600123FB6004E0FB687A688C
:109C100002FB03F3FB603B685A1E3A60002BF5D150
:109C2000FB6818461437BD465DF8047B704700009A
:109C300080B582B000AF0023FB710FE0FB790021FB
:109C40001846FFF7B8FFFB79DB01084A134480216F
:109C50001846FFF7F1FEFB790133FB71FB79072B07
:109C6000ECD900BF00BF0837BD4680BD5849002071
:109C700080B483B000AF0023BB7114E00023FB71FC
:109C80000AE0BA79FB790D49D2010A441344002253
:109C90001A70FB790133FB7197F90730002BF0DA6A
:109CA000BB790133BB71BB79072BE7D900BF00BF7C
:109CB0000C37BD465DF8047B704700BF5849002053
:109CC00090B484B000AF0446084611461A462346B5
:109CD000FB800346BB800B46FB701346BB70BB8802
:109CE000BB8152E0FB88FB8141E0B7F90E30002BCD
:109CF00037DBB7F90E307F2B33DCB7F90C30002B94
:109D00002FDBB7F90C303F2B2BDCB7F90C30002BD5
:109D100000DA0733DB1018B20246B7F90E302249D9
:109D2000D2010A4413441B785AB2B7F90C30594295
:109D300003F0070301F0070158BF4B421BB219465D
:109D400001238B405BB2DB435BB2134059B2024646
:109D5000B7F90E30C8B21449D2010A44134402467E
:109D60001A70B7F90E309BB201339BB2FB81B7F981
:109D70000E20B7F90610FB780B449A42B5DBB7F911
:109D80000C309BB201339BB2BB81B7F90C20B7F901
:109D90000410BB780B449A42A4DB00BF00BF10370D
:109DA000BD4690BC704700BF5849002090B484B0B5
:109DB00000AF0446084611461A462346FB80034678
:109DC000BB800B46FB701346BB70BB88BB8150E069
:109DD000FB88FB813FE0B7F90E30002B35DBB7F98C
:109DE0000E307F2B31DCB7F90C30002B2DDBB7F9AF
:109DF0000C303F2B29DCB7F90C30002B00DA07338D
:109E0000DB1018B20246B7F90E302149D2010A44DC
:109E100013441B785AB2B7F90C30594203F00703C8
:109E200001F0070158BF4B421BB2194601238B407A
:109E30005BB2534059B20246B7F90E30C8B214496A
:109E4000D2010A44134402461A70B7F90E309BB28D
:109E500001339BB2FB81B7F90E20B7F90610FB78EE
:109E60000B449A42B7DBB7F90C309BB201339BB27B
:109E7000BB81B7F90C20B7F90410BB780B449A42A8
:109E8000A6DB00BF00BF1037BD4690BC704700BFC7
:109E90005849002090B585B002AF044608461146E7
:109EA0001A462346FB800346BB800B46FB701346D5
:109EB000BB70BB78082B0ED1FB78203B1B01124AEC
:109EC0001344B7F90410B7F90600009310230822D1
:109ED00000F056FA14E0BB78062B11D1FB78A3F101
:109EE000200213465B0013445B00084A1344B7F991
:109EF0000410B7F9060000930823062200F040FA88
:109F000000BF0C37BD4690BDCC710108BC7701087D
:109F100080B58AB002AFBA601A460346FB810B4691
:109F2000BB811346FB710023FB8300237B77002357
:109F30007B8315E1FB8BBA6813441B785BB2002B63
:109F40000CDB01237B77FB8B5A1CFA831A46BB6818
:109F500013441B783B7400237B749CE0FB8BBA6832
:109F600013441B7803F0E003C02B1BD102237B7743
:109F7000FB8B5A1CFA831A46BB6813441B783B744C
:109F8000FB8BBA6813441B78002B00F0F180FB8B2D
:109F90005A1CFA831A46BB6813441B787B7400234F
:109FA000BB7478E0FB8BBA6813441B7803F0F003B2
:109FB000E02B2AD103237B77FB8B5A1CFA831A46AA
:109FC000BB6813441B783B74FB8BBA6813441B7843
:109FD000002B00F0CF80FB8B5A1CFA831A46BB681B
:109FE00013441B787B74FB8BBA6813441B78002BDB
:109FF00000F0C280FB8B5A1CFA831A46BB681344DC
:10A000001B78BB740023FB7445E0FB8BBA681344D8
:10A010001B7803F0F803F02B39D104237B77FB8BFB
:10A020005A1CFA831A46BB6813441B783B74FB8B9B
:10A03000BA6813441B78002B00F0A080FB8B5A1CDD
:10A04000FA831A46BB6813441B787B74FB8BBA688F
:10A0500013441B78002B00F09380FB8B5A1CFA836F
:10A060001A46BB6813441B78BB74FB8BBA68134455
:10A070001B78002B00F08680FB8B5A1CFA831A4653
:10A08000BB6813441B78FB7400233B7503E0FB8B18
:10A090000133FB8364E07B7F012B10D1FA897B8B3A
:10A0A00013449BB218B23A7CFB79B7F90C10FFF756
:10A0B000F1FEFB799AB27B8B13447B8350E0002343
:10A0C0003B8313E03A8B1346DB0013449B0013449D
:10A0D0002F4A134407F1100211461846F6F7FCFE0A
:10A0E0000346002B0ED03B8B01333B833A8B134648
:10A0F000DB0013449B001344254A13441B78002BB8
:10A10000E0D100E000BFFB79082B18D1FA897B8BE6
:10A1100013449BB218B23A8B1346DB0013449B00E6
:10A1200013441B4A13440533B7F90C100093102352
:10A13000102200F025F97B8B10337B8310E0FB7934
:10A14000062B0DD1FA897B8B13449BB218B2B7F959
:10A150000C1006233F22FFF79DFE7B8B06337B838B
:10A16000FB8BBA6813441B78002B7FF4E3AE0AE044
:10A1700000BF08E000BF06E000BF04E000BF02E04F
:10A1800000BF00E000BF00BF2037BD4680BD00BF5C
:10A19000F879010890B587B000AFBA601A46034657
:10A1A000FB810B46BB811346FB710023FB752DE041
:10A1B000FB7D9AB297F828309BB212FB03F39AB258
:10A1C000FB8913449BB21CB2FA79FB7DD31A013B85
:10A1D00019460A20FFF712FD0246BB68B3FBF2F1F5
:10A1E0000F4BA3FB0123DA0813469B0013445B00CB
:10A1F000CA1AD3B23033DAB297F82830B7F90C1054
:10A200002046FFF747FEFB7D0133FB75FA7DFB79A6
:10A210009A42CDD300BF00BF1C37BD4690BD00BFE2
:10A22000CDCCCCCCF0B58BB002AF0646084687ED5E
:10A23000000B11461A463346FB810346BB810B4691
:10A24000FB721346BB724FF000024FF00003D7E9D8
:10A250000001F6F7FFFB0346002B09D097F83830D2
:10A26000B7F90C10B7F90E002B22FFF713FE0EE022
:10A2700097F83830B7F90C10B7F90E002D22FFF718
:10A2800009FE3C687B6883F00045C7E90045D7E9D3
:10A290000001F6F71BFC0346FB61F869F6F7DAF8F4
:10A2A00002460B46D7E90001F5F796FF02460B463A
:10A2B000C7E90023BB7A19460A20FFF79FFCB86163
:10A2C000B869F6F7C7F8D7E90023F6F73DF9024673
:10A2D0000B4643EC172BB0EE470AF0EE670A0AF084
:10A2E00021FB53EC102B10461946F6F7EFFB034603
:10A2F0007B617A69BB69B2FBF3F3FA691344FB61D2
:10A3000097F838309AB2FB8913449BB218B2FA7AA4
:10A31000B7F90C1097F8383000931346FA69FFF735
:10A3200039FFFB7A01339AB297F838309BB212FBAF
:10A3300003F39AB2FB8913449BB218B297F83830F2
:10A34000B7F90C102E22FFF7A5FDFB7A02339AB263
:10A3500097F838309BB212FB03F39AB2FB8913448F
:10A360009BB218B2BA7AB7F90C1097F8383000934C
:10A3700013467A69FFF70EFF00BF2437BD46F0BDD4
:10A3800090B585B000AF0446084611461A462346EC
:10A39000FB800346BB800B46FB701346BB7000235B
:10A3A000FB730023BB73BB78FA78B7F90410B7F9D5
:10A3B0000600FFF785FC0023BB73B3E00023FB73AB
:10A3C000A8E0B7F90620FB7B1344002BC0F29F8066
:10A3D000B7F90620FB7B13447F2B00F39880B7F975
:10A3E0000430002B00DA0733DB10BB81B7F90430EF
:10A3F0005A4203F0070302F0070258BF53427B8121
:10A40000B7F90430002B07DABB89013B9BB2BB8153
:10A410007B8908339BB27B81B7F90C20BB7B13444B
:10A42000002B34DBB7F90C20BB7B1344072B2EDC4D
:10A43000B7F90C20BB7B1A44B7F90610FB7B0B4421
:10A440004049D2010A4413441B785AB2BB7BF978C5
:10A4500003FB01F1FB7B0B4419463B6A0B441B7861
:10A460001946B7F90A3001FA03F35BB2134358B245
:10A47000B7F90C20BB7B1A44B7F90610FB7B0B44E1
:10A48000C0B23049D2010A44134402461A70B7F9E7
:10A490000C20BB7B1344B3F1FF3F38DBB7F90C2032
:10A4A000BB7B1344062B32DCB7F90C20BB7B134477
:10A4B0005A1CB7F90610FB7B0B442249D2010A440F
:10A4C00013441B785AB2BB7BF97803FB01F1FB7B89
:10A4D0000B4419463B6A0B441B781946B7F90A30FE
:10A4E000C3F1080341FA03F35BB2134358B2B7F95F
:10A4F0000C20BB7B13445A1CB7F90610FB7B0B44A2
:10A50000C0B21049D2010A44134402461A70FB7BC0
:10A510000133FB73FA7BFB789A42FFF452AFBB7BAB
:10A520000133BB73BB78013B002B00DA0733DB1030
:10A530001A46BB7B9A42BFF641AF00BF00BF14373B
:10A54000BD4690BD5849002080B483B000AF03469B
:10A550000A46FB801346BB80B7F90630002B35DB7B
:10A56000B7F906307F2B31DCB7F90430002B2DDB37
:10A57000B7F904303F2B29DCB7F90430002B00DA9F
:10A580000733DB1018B20246B7F906301249D20180
:10A590000A4413441B785AB2B7F90430594203F005
:10A5A000070301F0070158BF4B421BB219460123B4
:10A5B0008B405BB2134359B20246B7F90630C8B2BA
:10A5C0000549D2010A44134402461A7000BF0C37F1
:10A5D000BD465DF8047B70475849002090B58BB0AC
:10A5E00000AF0446084611461A462346FB80034640
:10A5F000BB800B467B8013463B80FB883B84BB883B
:10A60000FB837B88BB833B887B8300237B76002393
:10A610003B76B7F91E20B7F91A309A4223D1B7F921
:10A620002020B7F91C309A4205DD3B8CFB82BB8BA6
:10A630003B84FB8ABB833B8CFB840DE0B7F91E2077
:10A64000B7F9263011461846FFF77EFFB7F92630D6
:10A650009BB201339BB2FB84B7F92620B7F91C30BB
:10A660009A42EBDD0FE1B7F92020B7F91C309A428E
:10A6700023D1B7F91E20B7F91A309A4205DDFB8BBA
:10A68000FB827B8BFB83FB8A7B83FB8BBB840DE094
:10A69000B7F92420B7F9203011461846FFF754FFC8
:10A6A000B7F924309BB201339BB2BB84B7F92420A5
:10A6B000B7F91A309A42EBDDE5E0B7F92020B7F997
:10A6C0001C309A420BDD3B8CFB82BB8B3B84FB8AAC
:10A6D000BB83FB8BFB827B8BFB83FB8A7B83B7F982
:10A6E0001E20B7F91A309A4209DDFB8B5B429BB200
:10A6F000FB837B8B5B429BB27B8301237B76B7F929
:10A700001A20B7F91E30D21AB7F91C10B7F9203049
:10A71000CB1A9A420DDD3B8CFB82FB8B3B84FB8A80
:10A72000FB83BB8BFB827B8BBB83FB8A7B830123FD
:10A730003B76BA8B3B8CD31A9BB2BB827A8BFB8B5A
:10A74000D31A9BB27B827B8A5B009BB23B82B7F9B8
:10A750001220B7F91430D31A9BB25B009BB2FB8175
:10A760007B8A5B009AB2BB8AD31A9BB27B843B8CF8
:10A77000FB84FB8BBB847B7E002B0DD03B7E002BB0
:10A780000AD0FB8C5B429BB21AB2B7F92430114657
:10A790001846FFF7D9FE21E07B7E002B0AD0BB8C48
:10A7A0005B429BB21AB2B7F9263011461846FFF742
:10A7B000CBFE62E03B7E002B08D0B7F92620B7F92C
:10A7C000243011461846FFF7BFFE56E0B7F92420A3
:10A7D000B7F9263011461846FFF7B6FE4DE0B7F937
:10A7E00026309BB201339BB2FB84B7F92230002B99
:10A7F00005DA7A8C3B8A13449BB27B840AE0B7F972
:10A8000024309BB201339BB2BB847A8CFB89134406
:10A810009BB27B847B7E002B0DD03B7E002B0AD02D
:10A82000FB8C5B429BB21AB2B7F924301146184632
:10A83000FFF78AFE21E07B7E002B0AD0BB8C5B42B7
:10A840009BB21AB2B7F9263011461846FFF77CFEC4
:10A8500013E03B7E002B08D0B7F92620B7F924304F
:10A8600011461846FFF770FE07E0B7F92420B7F944
:10A87000263011461846FFF767FEB7F92620B7F9CC
:10A880001C309A42ABDB00BF2C37BD4690BD90B563
:10A8900085B000AF0446084611461A462346FB80A1
:10A8A0000346BB800B46FB701346BB7097F8203005
:10A8B000002B4ED1FB88FB811BE0B7F90420B7F9D0
:10A8C0000E3011461846FFF73FFEBB789AB2BB88A0
:10A8D00013449BB2013B9BB21AB2B7F90E3011463A
:10A8E0001846FFF731FEB7F90E309BB201339BB229
:10A8F000FB81B7F90E20B7F90610FB780B449A429A
:10A90000DBDBBB88FB811BE0B7F90E20B7F9063013
:10A9100011461846FFF718FEFB789AB2FB881344DD
:10A920009BB2013B9BB21BB2B7F90E2011461846F1
:10A93000FFF70AFEB7F90E309BB201339BB2FB81E1
:10A94000B7F90E20B7F90410BB780B449A42DBDB51
:10A9500029E0FB88FB811EE0BB88BB810DE0B7F9D5
:10A960000C20B7F90E3011461846FFF7EDFDB7F988
:10A970000C309BB201339BB2BB81B7F90C20B7F905
:10A980000410BB780B449A42E9DBB7F90E309BB256
:10A9900001339BB2FB81B7F90E20B7F90610FB78A3
:10A9A0000B449A42D8DB00BF1437BD4690BD90B52A
:10A9B00085B000AF0446084611461A462346FB8080
:10A9C0000346BB800B46FB701346BB70FB789BB203
:10A9D000C3F101039BB27B810023FB81FB78BB8128
:10A9E000FA88FB8913449BB218B2BA88BB89134416
:10A9F0009BB21BB21946FFF7A7FDFA88FB89D31A51
:10AA00009BB218B2BA88BB89D31A9BB21BB2194643
:10AA1000FFF79AFDFA88BB8913449BB218B2BA8833
:10AA2000FB8913449BB21BB21946FFF78DFDFA88D0
:10AA3000BB89D31A9BB218B2BA88FB89D31A9BB2CE
:10AA40001BB21946FFF780FDBB78002B00F0068192
:10AA5000BB895B429BB23B8110E0BA883B891344BF
:10AA60009BB21AB2B7F9063011461846FFF76CFDD3
:10AA7000B7F908309BB201339BB23B81B7F908208C
:10AA8000B7F90C309A42E8DBE8E0B7F90E309BB238
:10AA900001339BB2FB81B7F90A30002B09DAFB893D
:10AAA0005B009AB27B8913449BB201339BB27B81DA
:10AAB00013E0B7F90C309BB2013B9BB2BB81B7F9F5
:10AAC0000E20B7F90C30D31A9BB25B009AB27B8987
:10AAD00013449BB201339BB27B81FA88FB891344F8
:10AAE0009BB218B2BA88BB8913449BB21BB21946F9
:10AAF000FFF72AFDFA88BB8913449BB218B2BA88C3
:10AB0000FB8913449BB21BB21946FFF71DFDFA885F
:10AB1000FB89D31A9BB218B2BA88BB89D31A9BB2ED
:10AB20001BB21946FFF710FDFA88BB89D31A9BB2F6
:10AB300018B2BA88FB89D31A9BB21BB21946FFF729
:10AB400003FDFA88FB8913449BB218B2BA88BB890B
:10AB5000D31A9BB21BB21946FFF7F6FCFA88BB89E1
:10AB600013449BB218B2BA88FB89D31A9BB21BB2AA
:10AB70001946FFF7E9FCFA88FB89D31A9BB218B291
:10AB8000BA88BB8913449BB21BB21946FFF7DCFCA1
:10AB9000FA88BB89D31A9BB218B2BA88FB891344CE
:10ABA0009BB21BB21946FFF7CFFCBB78002B55D0E8
:10ABB000BB895B429BB23B811FE0FA88FB8913444F
:10ABC0009BB218B2BA883B8913449BB21BB2194698
:10ABD000FFF7BAFCFA88FB89D31A9BB218B2BA887D
:10ABE0003B8913449BB21BB21946FFF7ADFCB7F982
:10ABF00008309BB201339BB23B81B7F90820B7F90B
:10AC00000C309A42D9DBFB895B429BB23B811FE04F
:10AC1000FA88BB89D31A9BB218B2BA883B8913440D
:10AC20009BB21BB21946FFF78FFCFA88BB8913440D
:10AC30009BB218B2BA883B8913449BB21BB2194627
:10AC4000FFF782FCB7F908309BB201339BB23B811E
:10AC5000B7F90820B7F90E309A42D9DBB7F90E20C0
:10AC6000B7F90C309A42FFF610AF00BF00BF14379F
:10AC7000BD4690BD80B49BB000AF78607B68464A0B
:10AC800007CA83E807007B68444A0C3307CA83E895
:10AC900007007B68424A183307CA83E807007B68CD
:10ACA000404A243307CA83E807007B683E4A3033B2
:10ACB00007CA83E807007B683C4A3C3307CA83E83D
:10ACC00007007B683A4A483307CA83E807007B6875
:10ACD000384A543307CA83E807007B6800221A66A3
:10ACE0007B6801225A667B6801229A667B68022291
:10ACF000DA667B6802221A677B6803225A677B68E0
:10AD000003229A677B680022DA677B680422C3F813
:10AD100080207B680522C3F884207B680522C3F865
:10AD200088207B680622C3F88C207B680622C3F843
:10AD300090207B680722C3F894207B680722C3F821
:10AD400098207B680422C3F89C207B680022C3F80B
:10AD5000A0207B680422C3F8A4207B680122C3F8EA
:10AD6000A8207B680522C3F8AC207B680222C3F8C8
:10AD7000B0207B680622C3F8B4207B680322C3F8A6
:10AD8000B8207B680722C3F8BC2000BF6C37BD46E3
:10AD90005DF8047B704700BF986C0108A46C010843
:10ADA000B06C0108BC6C0108C86C0108D46C0108C7
:10ADB000E06C0108EC6C010880B52DED028B84B0CD
:10ADC00000AF786087ED000A7B685B68FB607B689A
:10ADD0009B68BB6097ED000A09F008FDB0EE407A71
:10ADE000D7ED037A27EE278A97ED000A09F04AFD8E
:10ADF000B0EE407AD7ED027A67EE277A78EE677A7E
:10AE00007B68C3ED017A97ED000A09F03BFDB0EED7
:10AE1000407AD7ED037A27EE278A97ED000A09F0EA
:10AE2000E5FCB0EE407AD7ED027A67EE277A78EE4D
:10AE3000277A7B68C3ED027A00BF1037BD46BDECB0
:10AE4000028B80BD80B52DED028B84B000AF7860A1
:10AE500087ED000A7B681B68FB607B689B68BB60B2
:10AE600097ED000A09F0C2FCB0EE407AD7ED037A04
:10AE700027EE278A97ED000A09F004FDB0EE407A2C
:10AE8000D7ED027A67EE277A78EE277A7B68C3EDF2
:10AE9000007AD7ED037AB1EE678A97ED000A09F0E0
:10AEA000F1FCF0EE407A28EE278A97ED000A09F0CF
:10AEB0009DFCB0EE407AD7ED027A67EE277A78EE05
:10AEC000277A7B68C3ED027A00BF1037BD46BDEC20
:10AED000028B80BD80B52DED028B84B000AF786011
:10AEE00087ED000A7B681B68FB607B685B68BB6062
:10AEF00097ED000A09F07AFCB0EE407AD7ED037ABC
:10AF000027EE278A97ED000A09F0BCFCB0EE407AE4
:10AF1000D7ED027A67EE277A78EE677A7B68C3ED21
:10AF2000007A97ED000A09F0ADFCB0EE407AD7ED5B
:10AF3000037A27EE278A97ED000A09F057FCB0EE56
:10AF4000407AD7ED027A67EE277A78EE277A7B6827
:10AF5000C3ED017A00BF1037BD46BDEC028B80BD4A
:10AF600080B584B000AFF86087ED020AC7ED010A32
:10AF700087ED001A97ED020AF868FFF71DFF97EDBD
:10AF8000010AF868FFF75EFF97ED000AF868FFF71F
:10AF9000A1FF00BF1037BD4680BD80B485B000AFB3
:10AFA000F860B9607A60FB68D3ED007AB3EE097A95
:10AFB00067EE877AFDEEE77A17EE903A03F14002EA
:10AFC000BB681A60FB68D3ED017AB3EE097A67EECD
:10AFD000877AFDEEE77A17EE903AC3F120027B689C
:10AFE0001A6000BF1437BD465DF8047B704780B51A
:10AFF0008EB000AF786000237B6366E07B687A6B7D
:10B000000C3253F83220796813465B0013449B00DE
:10B01000CA1807F1180307CA83E807007A687B6B30
:10B02000DB0013445A6E796813465B0013449B009F
:10B03000CA1807F10C0307CA83E807007B68D3ED41
:10B04000307A7B6893ED317A7B68D3ED326A07F111
:10B050001803B0EE661AF0EE470AB0EE670A18461B
:10B06000FFF77EFF7B68D3ED307A7B6893ED317A12
:10B070007B68D3ED326A07F10C03B0EE661AF0EE8E
:10B08000470AB0EE670A1846FFF76AFF07F12C027D
:10B0900007F1300107F118031846FFF77EFF07F1AB
:10B0A000240207F1280107F10C031846FFF775FF8A
:10B0B0003B6B18B2FB6A19B2BB6A1AB27B6A1BB24D
:10B0C000FFF78CFA7B6B01337B637B6B0B2B95DD7E
:10B0D00000BF00BF3837BD4680BD000080B592B0CC
:10B0E00000AF78604FF00003FB634FF000033B6458
:10B0F0004FF000037B644FF07F533B634FF000033E
:10B100007B634FF00003BB634FF000037B624FF0A3
:10B110007F53BB624FF00003FB624FF00003BB6143
:10B120004FF00003FB614FF07F533B627B68D3ED30
:10B13000307A7B6893ED317A7B68D3ED326A07F120
:10B140003003B0EE661AF0EE470AB0EE670A184612
:10B15000FFF706FF7B68D3ED307A7B6893ED317A99
:10B160007B68D3ED326A07F12403B0EE661AF0EE85
:10B17000470AB0EE670A1846FFF7F2FE7B68D3ED88
:10B18000307A7B6893ED317A7B68D3ED326A07F1D0
:10B190001803B0EE661AF0EE470AB0EE670A1846DA
:10B1A000FFF7DEFE07F1100207F1140107F13C037F
:10B1B0001846FFF7F2FE07F1080207F10C0107F14C
:10B1C00030031846FFF7E9FE7B6918B23B6919B2F4
:10B1D000FB681AB2BB681BB2FFF700FAFB689BB2B0
:10B1E00002339BB218B2BB689BB2033B9BB219B24D
:10B1F0000623244AFEF78CFE07F1080207F10C0132
:10B2000007F124031846FFF7C8FE7B6918B23B69B3
:10B2100019B2FB681AB2BB681BB2FFF7DFF9FB6813
:10B220009BB202339BB218B2BB689BB2033B9BB28A
:10B2300019B20623144AFEF76BFE07F1080207F164
:10B240000C0107F118031846FFF7A7FE7B6918B237
:10B250003B6919B2FB681AB2BB681BB2FFF7BEF9B3
:10B26000FB689BB202339BB218B2BB689BB2033B34
:10B270009BB219B20623054AFEF74AFE00BF4837C3
:10B28000BD4680BDF86C0108FC6C0108006D01082A
:10B2900080B485B000AF78600B46FB702023FB6064
:10B2A000FB78FA6803FB02F27B681A607B68002275
:10B2B0005A607B68FA689A607B684022DA607B6833
:10B2C0004FF000021A617B684FF000025A617B6800
:10B2D00001221A777B6800221A6200BF1437BD462C
:10B2E0005DF8047B70470000B0B594B002AF7860A1
:10B2F0007B681A687B689B68D90F0B445B1013440A
:10B300003B647B685A687B68DB68D90F0B445B1031
:10B310001344FB637B68DA687B689B689342A8BF31
:10B320001346DA0F13445B10043BBB633B6C18B24B
:10B33000FB6B19B2BB6BDAB20023FFF738FB7B68FB
:10B340001B7F002B03D0012B00F08780E2E000235D
:10B350007B647DE07B681B691846F5F79DF8044621
:10B360000D46786CF5F786F890A3D3E90023F5F73E
:10B37000EBF802460B46104619464FF000024FF01C
:10B380008043F5F70BFA02460B4620462946F4F7B0
:10B3900025FF02460B4610461946F5F7B7FB034654
:10B3A0007B62B86BF5F766F882A3D3E90023F5F763
:10B3B000CBF802460B4614461D4697ED090A09F0E4
:10B3C00015FA10EE103A1846F5F766F802460B46E5
:10B3D00020462946F5F7B8F802460B4610461946AE
:10B3E000F5F74CFB02463B6C13443B62B86BF5F738
:10B3F00041F870A3D3E90023F5F7A6F802460B46FF
:10B4000014461D4697ED090A09F03CFA10EE103A71
:10B410001846F5F741F802460B4620462946F5F74F
:10B4200093F802460B4610461946F5F727FB0246ED
:10B43000FB6B1344FB613B6C18B2FB6B19B23B6AAC
:10B440001AB2FB691BB2FFF7C9F87B6C01337B644E
:10B450007B6C012B7FF77EAF5CE0BB6B002B00DACF
:10B4600003339B107B637B681B693B63B86BF5F709
:10B4700001F852A3D3E90023F5F766F802460B461C
:10B4800014461D4697ED0C0A09F0B0F910EE103A7B
:10B490001846F5F701F802460B4620462946F5F70F
:10B4A00053F802460B4610461946F5F7E7FA0246EE
:10B4B0003B6C1344FB62B86BF4F7DCFF3FA3D3E9AA
:10B4C0000023F5F741F802460B4614461D4697ED5A
:10B4D0000C0A09F0D7F910EE103A1846F4F7DCFF21
:10B4E00002460B4620462946F5F72EF802460B4643
:10B4F00010461946F5F7C2FA0246FB6B1344BB62CD
:10B50000FB6A18B2BB6A19B27B6BDAB20123FFF790
:10B510004EFA00BF3B6C18B2FB6B19B2BB6B002B31
:10B5200000DA0733DB10DAB20123FFF740FA7B6859
:10B530009B680A3BBB6104237B617B681B68053306
:10B540003B617B685A687B68DB6813440A3BFB609D
:10B550003B6918B2FB6819B2BB69DAB27B69DBB22E
:10B5600000240094FFF793F97B681B6ABA6902FB19
:10B5700003F30D4A82FB03125211DB17D31ABB608F
:10B58000BB68002B0BDD3B6918B2FB6819B2BB68C6
:10B59000DAB27B69DBB201240094FFF778F900BFCF
:10B5A0004837BD46B0BD00BF1F85EB51182D445430
:10B5B000FB2109409A9999999999E93F333333339B
:10B5C0003333E33F80B483B000AF78607B68002200
:10B5D000C3F800227B684FF0FF32C3F804227B6877
:10B5E0000022C3F8082200BF0C37BD465DF8047B7B
:10B5F000704780B483B000AF78600B467B807B6877
:10B60000D3F808327F2B1CDC7B68D3F8043201337B
:10B610005A4203F07F0302F07F0258BF53427A6818
:10B62000C2F804327B68D3F804227B68798823F857
:10B6300012107B68D3F808325A1C7B68C3F80822C2
:10B6400022E07B68D3F8003201335A4203F07F03D3
:10B6500002F07F0258BF53427A68C2F800327B681A
:10B66000D3F8043201335A4203F07F0302F07F0221
:10B6700058BF53427A68C2F804327B68D3F8042278
:10B680007B68798823F8121000BF0C37BD465DF83F
:10B69000047B704780B483B000AF786039603B684A
:10B6A000002B05DB7B68D3F808323A689A4201DB4D
:10B6B00000230EE07B68D3F800223B6813445A4213
:10B6C00003F07F0302F07F0258BF53427A6832F8DA
:10B6D000133018460C37BD465DF8047B704780B5C3
:10B6E00082B000AF786039607B683A681A607B6826
:10B6F000402283F828227B6804331846FFF762FF54
:10B7000000BF0837BD4680BD80B485B000AFF8608B
:10B7100087ED020AC7ED010A87ED001AFB68BA68D7
:10B72000C3F81022FB687A68C3F81422FB683A68F1
:10B73000C3F81822D7ED027AB2EE047A27EE877AA0
:10B74000DFED066AC7EE267AFB68C3ED897A00BF93
:10B750001437BD465DF8047B704700BF000000430E
:10B7600080B584B000AF7860F8F782FCF8607B6841
:10B77000D3F81C32FA68D31A07EE903AB8EE677A1B
:10B780007B68D3ED897AB4EEE77AF1EE10FA00DA4D
:10B7900013E07B681B68002B0BD07B681B68B3F938
:10B7A00000307B817B6804337A8911461846FFF7A5
:10B7B00020FF7B68FA68C3F81C2200BF1037BD4623
:10B7C00080BD000080B58CB000AF7860F8F750FC09
:10B7D000B8617B68D3F82032BA69D31A07EE903A81
:10B7E000B8EE677A7B68D3ED866A9FED796AC6EE1C
:10B7F000267AB4EEE77AF1EE10FA00F1E2807B6887
:10B80000BA69C3F82022FEF733FA002387F82F30F5
:10B8100017E07B6893F8283297F82F209A420AD0D5
:10B8200097F82F3019B297F82F301BB27F220020E3
:10B83000FEF7D4FE00E000BF97F82F30083387F8FA
:10B840002F3097F82F303F2BE3D9002387F82E3085
:10B850000EE097F82E3018B297F82E301AB23F2328
:10B860000021FEF7BBFE97F82E30103387F82E30FC
:10B8700097F92E30002BECDA7B6893F8283219B256
:10B880007B6893F828321BB27F220020FEF7A6FEC9
:10B890007B6893F8283201339BB219B27B6893F826
:10B8A000283201339BB21BB27F220020FEF796FEA6
:10B8B0008023FB757B6893ED857AF2EE006AC6EE15
:10B8C000877AC7ED047A7B68D3F80C22FB7DD31A04
:10B8D000BB62BB6A002B01DA0023BB627B68D3F832
:10B8E0000C32012B70DD7B680433B96A1846FFF710
:10B8F000D1FE0346FB817B6893F82832B7F90E200E
:10B9000007EE902AB8EEE77AD7ED047A67EE277A49
:10B91000FDEEE77A17EE902A9B1A7B627B6A002B7A
:10B9200001DA00237B627B6A3F2B01DD3F237B62D0
:10B9300001233B6240E0BA6A3B6A1A447B68D3F851
:10B940000C329A423FDA7B68181DBA6A3B6A13448C
:10B950001946FFF79FFE0346BB817B6893F82832A8
:10B96000B7F90C2007EE902AB8EEE77AD7ED047A03
:10B9700067EE277AFDEEE77A17EE902A9B1AFB61B5
:10B98000FB69002B01DA0023FB61FB693F2B01DD22
:10B990003F23FB613B6A9BB2013B9BB218B27B6ABF
:10B9A00019B23B6A1AB2FB691BB2FEF717FEFB69BC
:10B9B0007B623B6A01333B62FB7D3A6A9A42BADBA7
:10B9C00002E000BF00E000BF3037BD4680BD00BFD1
:10B9D00000007A4480B483B000AF78607B6893ED58
:10B9E000017A7B68D3ED0E6A7B68D3ED0F7A76EE31
:10B9F000A76AB0EE006AC6EE867A27EE277A7B68E1
:10BA0000D3ED1A7A67EE277A7B68C3ED147A00BF0C
:10BA10000C37BD465DF8047B704780B483B000AF3F
:10BA200078607B6893ED0E7A7B68D3ED127A67EECF
:10BA3000277AF5EEC07AF1EE10FA65DD7B68D3ED7A
:10BA40000E7AF5EEC07AF1EE10FA03DD7B68D3EDE5
:10BA50000E7A04E07B68D3ED0E7AF1EE677A7B68AC
:10BA600093ED097AF4EEC77AF1EE10FA4BD97B68C0
:10BA7000D3ED0E7AF5EEC07AF1EE10FA03DD7B68B5
:10BA8000D3ED0E7A04E07B68D3ED0E7AF1EE677A9F
:10BA90007B68D3ED086A7B6893ED097A36EE877A86
:10BAA000F4EEC77AF1EE10FA28D87B6893ED147A99
:10BAB0007B68D3ED086A7B68D3ED0E7AF5EEC07A29
:10BAC000F1EE10FA03DD7B68D3ED0E7A04E07B68BB
:10BAD000D3ED0E7AF1EE677A76EEE76A7B68D3ED06
:10BAE000097A36EEA76A7B68D3ED086AC6EE267A35
:10BAF00067EE277A7B68C3ED147A05E07B684FF028
:10BB000000021A6500E000BF0C37BD465DF8047BFB
:10BB10007047000080B483B000AF78607B6893ED1D
:10BB2000127A7B68D3ED147A77EE277A374BC3ED20
:10BB3000007A7B6893ED117A7B68D3ED127A37EE49
:10BB4000277A7B68D3ED137A77EE277A304BC3EDF3
:10BB5000007A2F4BD3ED007AF5EEC07AF1EE10FAB1
:10BB600003DD2B4BD3ED007A04E0294BD3ED007AB3
:10BB7000F1EE677A7B6893ED037AF4EEC77AF1EE23
:10BB800010FA10DD7B6893ED0E7A7B68D3ED127AA4
:10BB900067EE277AF5EEC07AF1EE10FA03DD7B68E6
:10BBA0004FF000021A657B6893ED077A174BD3EDCF
:10BBB000007AB4EEE77AF1EE10FA07D57B684FF021
:10BBC00000021A657B68DA697B689A647B68D3ED4A
:10BBD000077AB1EE677A0D4BD3ED007AB4EEE77ACF
:10BBE000F1EE10FA00DC0BE07B684FF000021A6502
:10BBF0007B68D3ED077AF1EE677A7B68C3ED127A42
:10BC000000BF0C37BD465DF8047B70475C4D0020DB
:10BC1000604D002080B483B000AF78607B6893ED06
:10BC2000027A7B68D3ED0D6A7B68D3ED0C7A76EEF1
:10BC3000E77A67EE276A7B6893ED1A7AC6EE877A11
:10BC40007B68C3ED137A00BF0C37BD465DF8047BFB
:10BC5000704780B483B000AF78607B6893ED137A4F
:10BC60007B68D3ED1A7A67EE276A7B6893ED0B7ACF
:10BC70007B68D3ED1A7A77EE277A86EEA77A7B680F
:10BC8000D3ED176A7B68D3ED0B7A26EEA76A7B6843
:10BC9000D3ED0B6A7B68D3ED1A7A76EEA76AC6EE0F
:10BCA000267A77EE277A7B68C3ED137A00BF0C37CC
:10BCB000BD465DF8047B704780B483B000AF786008
:10BCC0007B6893ED157A7B68D3ED1A7A67EE276A65
:10BCD0007B6893ED0A7A7B68D3ED1A7A77EE277A40
:10BCE00086EEA77A7B68D3ED166A7B68D3ED0A7A75
:10BCF00026EEA76A7B68D3ED0A6A7B68D3ED1A7AD1
:10BD000076EEA76AC6EE267A77EE277A7B68C3EDD1
:10BD1000157A00BF0C37BD465DF8047B704780B4D0
:10BD200083B000AF78607B6893ED157A7B68D3EDC4
:10BD3000037AB4EEE77AF1EE10FA03DD7B68DA6895
:10BD40007B685A657B6893ED157A7B68D3ED047A3E
:10BD5000B4EEE77AF1EE10FA00D403E07B681A69DA
:10BD60007B685A6500BF0C37BD465DF8047B7047A1
:10BD7000B0B483B000AF78607B68D3ED157AB0EED5
:10BD8000E77A7B68D3ED037ADFED286A67EEA67A5F
:10BD9000B4EEE77AF1EE10FA42D47B68D3ED187A6C
:10BDA000F0EEE77A9FED227AF4EEC77AF1EE10FA20
:10BDB00036D47B6893ED187A7B68D3ED0C7A77EEF6
:10BDC000677AF0EEE76A7B68D3ED187AB0EEE77A2F
:10BDD000C6EE877A9FED177AF4EEC77AF1EE10FA85
:10BDE00009DD7B68D3E91C23541C43F100057B6803
:10BDF000C3E91C4506E079684FF000024FF00003EC
:10BE0000C1E91C237B68D3E91C2340F2EF218A425D
:10BE100073F1000305D37B68012283F8782000E0EA
:10BE200000BF0C37BD46B0BC704700BF6F12833AED
:10BE300017B7D13848E17A3F80B582B000AF78605B
:10BE400039608022002178680AF07FF83022396852
:10BE500078680AF098F97B6864331846FDF71AF998
:10BE600000BF0837BD4680BDB0B584B000AFF860F4
:10BE700087ED020AC7ED010AFB681B7E5BB2002B4F
:10BE800007DAFB6893F87830002B02D1F868FFF7E7
:10BE90006FFFFB6864331846FDF7FCF8F0EE407A5C
:10BEA000FB68C3ED1A7AFB68BA681A63FB687A68A4
:10BEB0001A66FB6893ED187AFB68D3ED0C7A77EE7F
:10BEC000677AFB68C3ED0E7AFB68D3ED0E7AF5EE68
:10BED000C07AF1EE10FA03DDFB68D3ED0E7A04E0D0
:10BEE000FB68D3ED0E7AF1EE677AFB6893ED057A85
:10BEF000F4EEC77AF1EE10FA40F3A880FB6893EDF8
:10BF0000007AFB68D3ED0E7A67EE277AFB68C3ED03
:10BF1000117AFB6893ED017AFB68D3ED0E7A27EE78
:10BF2000277AFB68D3ED1A7A67EE277AFB68C3EDB0
:10BF3000147AFB6893ED027AFB68D3ED0E6AFB6816
:10BF4000D3ED0F7A76EEE77A67EE276AFB6893ED1A
:10BF50001A7AC6EE877AFB68C3ED137AFB681B7EFC
:10BF600003F00403002B02D0F868FFF733FDFB68F1
:10BF70001B7E03F02003002B02D0F868FFF74DFD75
:10BF8000FB681B7E03F00203002B02D0F868FFF76A
:10BF900041FEFB681B7E03F04003002B02D0F868D3
:10BFA000FFF757FEFB681B7E03F00103002B02D056
:10BFB000F868FFF7AFFDFB6893ED127AFB68D3EDED
:10BFC000147A77EE277AFB68C3ED127AFB6893ED5B
:10BFD000117AFB68D3ED127A37EE277AFB68D3ED3E
:10BFE000137A77EE277AFB68C3ED157AFB681B7E20
:10BFF00003F01003002B02D0F868FFF75DFEFB682A
:10C0000093F87830012B1DD1FB68D3ED157AF1EE52
:10C01000677AB2EE047A67EE877AFB68C3ED157A29
:10C02000FB68D3E91C23541E43F1FF35FB68C3E9C9
:10C030001C45FB68D3E91C23134303D1FB68002292
:10C0400083F87820F868FFF76AFE07E0FB684FF096
:10C0500000025A65FB684FF000021A65FB681A6B14
:10C06000FB685A63FB685A6DFB689A65FB68DA6C7B
:10C07000FB68DA65FB689A6BFB68DA63FB681A6D2C
:10C08000FB681A64FB685B6D07EE903AB0EE670AD6
:10C090001037BD46B0BD000080B582B000AF7860FB
:10C0A000084611461A460346FB700B46BB70134602
:10C0B0007B70BA4B04221A80B94B08221A807B6825
:10C0C000FA781A737B68BA785A737B687A789A73AD
:10C0D0007B6800221A747B78184609F0B5FC034689
:10C0E0001A467B685A617B685B697A78002118463A
:10C0F00009F02BFFA94B1B881A467B7802FB03F340
:10C10000184609F0A1FC03461A467B689A617B68D1
:10C110009869A24B1B881A467B7802FB03F31A46E8
:10C12000002109F012FF9D4B1B881A467B7802FB09
:10C1300003F3184609F088FC03461A467B68DA6167
:10C140007B68D869954B1B881A467B7802FB03F302
:10C150001A46002109F0F9FE904B1B881A46FB781D
:10C1600002FB03F3184609F06FFC03461A467B688E
:10C170001A627B68186A894B1B881A46FB7802FB97
:10C1800003F31A46002109F0E0FE7B78184609F017
:10C190005BFC03461A467B685A627B685B6A7A7866
:10C1A0000021184609F0D1FE7C4B1B881A46FB780B
:10C1B00002FB03F3184609F047FC03461A467B6866
:10C1C0001A607B681868754B1B881A46FB7802FB5F
:10C1D00003F31A46002109F0B8FE704B1B881A467B
:10C1E0007B7802FB03F3184609F02EFC03461A463F
:10C1F0007B685A607B685868684B1B881A467B7856
:10C2000002FB03F31A46002109F09FFE634B1B88D3
:10C210001A46BB7802FB03F3184609F015FC0346E7
:10C220001A467B689A607B6898685C4B1B881A4644
:10C23000BB7802FB03F31A46002109F086FE574B38
:10C240001B881A46FB7802FB03F3184609F0FCFB37
:10C2500003461A467B68C3F8E8207B68D3F8E800F9
:10C260004E4B1B881A46FB7802FB03F31A4600214B
:10C2700009F06BFE7B6803F130007B681B7B19467D
:10C280007B68D3F8E830012208F038F9434B1B886B
:10C290001A46FB7802FB03F3184609F0D5FB034668
:10C2A0001A467B68C3F8EC207B68D3F8EC003B4B64
:10C2B0001B881A46FB7802FB03F31A46002109F09B
:10C2C00044FE7B6803F138007B681B7B19467B6862
:10C2D000D3F8EC30012208F011F9BB78002B26D0FE
:10C2E0002E4B1B881A46BB7802FB03F3184609F055
:10C2F000ABFB03461A467B68C3F8F0207B68D3F893
:10C30000F000264B1B881A46BB7802FB03F31A4643
:10C31000002109F01AFE7B6803F140007B685B7B1B
:10C3200019467B68D3F8F030012208F0E7F81B4B80
:10C330001B881A467B7802FB03F3184609F084FB3E
:10C3400003461A467B68C3F8F4207B68D3F8F400F0
:10C35000124B1B881A467B7802FB03F31A46002116
:10C3600009F0F3FD7B6803F148007B689B7B19466D
:10C370007B68D3F8F430012208F0C0F8074B1B8823
:10C380001A46FB7802FB03F3FA7802FB03F3184624
:10C3900009F05AFB03461A467B6803E0644D00200F
:10C3A000664D0020C3F8F8207B68D3F8F800BD4B39
:10C3B0001B881A46FB7802FB03F3FA7802FB03F3AF
:10C3C0001A46002109F0C1FD7B6803F150007B682B
:10C3D0001B7B19467B681B7B1A467B68D3F8F830B9
:10C3E00008F08CF8AF4B1B881A46FB7802FB03F36E
:10C3F000FA7802FB03F3184609F026FB03461A46B7
:10C400007B68C3F8FC207B68D3F8FC00A54B1B8835
:10C410001A46FB7802FB03F3FA7802FB03F31A4691
:10C42000002109F092FD7B6803F158007B681B7BBB
:10C4300019467B681B7B1A467B68D3F8FC3008F0F2
:10C440005DF8984B1B881A46FB7802FB03F3FA78D9
:10C4500002FB03F3184609F0F7FA03461A467B6815
:10C46000C3F800218F4B1B881A46FB7802FB03F3AD
:10C47000FA7802FB03F3184609F0E6FA03461A4677
:10C480007B68C3F804217B68D3F80001854B1B88C7
:10C490001A46FB7802FB03F3FA7802FB03F31A4611
:10C4A000002109F052FD7B68D3F804017D4B1B8805
:10C4B0001A46FB7802FB03F3FA7802FB03F31A46F1
:10C4C000002109F042FD7B6803F160007B681B7B63
:10C4D00019467B681B7B1A467B68D3F8003108F04D
:10C4E0000DF87B6803F168007B681B7B19467B684D
:10C4F0001B7B1A467B68D3F8043107F0FFFFBB783B
:10C50000002B2ED0674B1B881A46FB7802FB03F3E7
:10C51000BA7802FB03F3184609F096FA03461A4666
:10C520007B68C3F808217B68D3F808015D4B1B8842
:10C530001A46FB7802FB03F3BA7802FB03F31A46B0
:10C54000002109F002FD7B6803F170007B681B7B12
:10C5500019467B685B7B1A467B68D3F8083107F085
:10C56000CDFF504B1B881A467B7802FB03F3FA7809
:10C5700002FB03F3184609F067FA03461A467B6884
:10C58000C3F80C21474B1B881A46FB7802FB03F3C8
:10C590007A7802FB03F3184609F056FA03461A4666
:10C5A0007B68C3F810217B68D3F80C013D4B1B88D6
:10C5B0001A467B7802FB03F3FA7802FB03F31A4670
:10C5C000002109F0C2FC7B68D3F81001354B1B88B1
:10C5D0001A46FB7802FB03F37A7802FB03F31A4650
:10C5E000002109F0B2FC7B6803F178007B689B7B3B
:10C5F00019467B681B7B1A467B68D3F80C3107F021
:10C600007DFF7B6803F180007B681B7B19467B689C
:10C610009B7B1A467B68D3F8103107F06FFF214BE4
:10C620001B881A46FB7802FB03F3FA7802FB03F33C
:10C63000184609F009FA03461A467B68C3F8142124
:10C640007B68D3F81401174B1B881A46FB7802FB52
:10C6500003F3FA7802FB03F31A46002109F075FC94
:10C660007B6803F188007B681B7B19467B681B7B1A
:10C670001A467B68D3F8143107F040FF094B1B883A
:10C680001A467B7802FB03F37A7802FB03F3184621
:10C6900009F0DAF903461A467B68C3F818217B686B
:10C6A00002E000BF644D0020D3F818017D4B1B88C9
:10C6B0001A467B7802FB03F37A7802FB03F31A46EF
:10C6C000002109F042FC7B6803F190007B689B7BB2
:10C6D00019467B689B7B1A467B68D3F8183107F0B4
:10C6E0000DFF704B1B881A46FB7802FB03F37A7828
:10C6F00002FB03F3184609F0A7F903461A467B68C4
:10C70000C3F81C217B68D3F81C01664B1B881A46B2
:10C71000FB7802FB03F37A7802FB03F31A4600214D
:10C7200009F013FC7B6803F198007B681B7B1946BA
:10C730007B689B7B1A467B68D3F81C3107F0DEFED2
:10C74000584B1B881A467B681B7B02FB03F37A68F5
:10C75000127B02FB03F3184609F076F903461A46EA
:10C760007B68C3F820214F4B1B881A467B681B7BD4
:10C7700002FB03F37A68127B02FB03F3184609F00D
:10C7800063F903461A467B68C3F82421454B1B888E
:10C790001A467B681B7B02FB03F37A68127B02FB61
:10C7A00003F3184609F050F903461A467B68C3F8AC
:10C7B00028213C4B1B881A467B681B7B02FB03F33A
:10C7C000184609F041F903461A467B68C3F82C2144
:10C7D000344B1B881A467B681B7B02FB03F318460D
:10C7E00009F032F903461A467B68C3F830217B68AA
:10C7F00003F1A0007B681B7B19467B681B7B1A46F4
:10C800007B68D3F8203107F079FE7B6803F1A8003C
:10C810007B681B7B19467B681B7B1A467B68D3F8B9
:10C82000243107F06BFE7B6803F1B0007B681B7B53
:10C8300019467B681B7B1A467B68D3F8283107F0C2
:10C840005DFE7B6803F1B8007B681B7B19467B6843
:10C85000D3F82C31012207F051FE7B6803F1C000B0
:10C860007B681B7B19467B68D3F83031012207F0C7
:10C8700045FE7B68002283F828207B68002283F82D
:10C8800029207B68002283F82A207B68002283F815
:10C890002B207B68002283F82C2000BF0837BD4680
:10C8A00080BD00BF644D002080B582B000AF7860CD
:10C8B0007B68DB7B002B03D0786800F033FB1BE048
:10C8C0007B68D3F8F4007B685968154B1B881A46BF
:10C8D0007B689B7B02FB03F31A4609F054FC7B68E0
:10C8E00058680F4B1B881A467B689B7B02FB03F33F
:10C8F0001A46002109F029FB7B68D3F8F0007B6819
:10C900009968074B1B881A467B685B7B02FB03F325
:10C910001A4609F038FC00BF0837BD4680BD00BF8D
:10C92000644D002080B582B000AF78607B6893F8DA
:10C930002830002B58D17B685B7B002B44D07B6870
:10C940001B7B1A467B68A3F8B8207B680122A3F8FA
:10C95000BA207B6803F160007B6803F130017B68DB
:10C96000B8331A4607F08EFB03461A467B6883F8F5
:10C97000C8207B681B7B1A467B68A3F8C0207B68B5
:10C980000122A3F8C2207B6803F170007B6803F1E9
:10C9900040017B68C0331A4607F074FB03461A4611
:10C9A0007B6883F8C8207B6803F1B8007B6803F1DB
:10C9B000C0017B6838331A4607F0A4FD03461A46C7
:10C9C0007B6883F8C8200FE07B6803F160007B6818
:10C9D00003F130017B6838331A4607F053FB0346F6
:10C9E0001A467B6883F8C82000BF0837BD4680BD63
:10C9F00080B582B000AF78607B6893F82930002B57
:10CA000049D17B6803F160027B68683319461046A0
:10CA100007F022FA03461A467B6883F8C8207B6831
:10CA200003F160007B6803F150017B6858331A46BC
:10CA300007F028FB03461A467B6883F8C8207B680A
:10CA4000B3F858207B68A3F8A8207B68B3F86A2065
:10CA50007B68A3F8AA207B6803F158007B6803F188
:10CA600068017B68A8331A4607F00CFB03461A4698
:10CA70007B6883F8C8207B6803F1A8007B6803F11A
:10CA800088017B6858331A4607F03CFD03461A4676
:10CA90007B6883F8C82000BF0837BD4680BD80B5DD
:10CAA00082B000AF78607B6893F82A30002B40F0AA
:10CAB0009C807B6803F178027B68803319461046BE
:10CAC00007F0CAF903461A467B6883F8C8207B68DA
:10CAD000B3F878207B68A3F8A8207B68B3F85A20C5
:10CAE0007B68A3F8AA207B6803F178007B6803F1D8
:10CAF00058017B68A8331A4607F0C4FA03461A4661
:10CB00007B6883F8C8207B68B3F8A8207B68A3F80B
:10CB1000B0207B68B3F882207B68A3F8B2207B68E2
:10CB200003F1A8007B6803F180017B68B0331A46EB
:10CB300007F0A8FA03461A467B6883F8C8207B688A
:10CB4000B3F890207B68A3F8A0207B68B3F892200C
:10CB50007B68A3F8A2207B6803F1B0007B6803F137
:10CB600090017B68A0331A4607F0CCFC03461A46B6
:10CB70007B6883F8C8207B6803F1A0027B68B03330
:10CB80001946104607F08EFB03461A467B6883F869
:10CB9000C8207B68B3F858207B68A3F8A8207B687E
:10CBA000B3F882207B68A3F8AA207B6803F15800C1
:10CBB0007B6803F180017B68A8331A4607F062FAAC
:10CBC00003461A467B6883F8C8207B6803F1A800F7
:10CBD0007B6803F1B0017B6898331A4607F052FA7C
:10CBE00003461A467B6883F8C82000BF0837BD4655
:10CBF00080BD80B582B000AF78607B6893F82B3041
:10CC0000002B5DD17B68B3F878207B68A3F8B8204F
:10CC10007B680122A3F8BA207B6803F178007B6867
:10CC200003F138017B68B8331A4607F02BFA034644
:10CC30001A467B6883F8C8207B68B3F848207B6875
:10CC4000A3F8C0207B680122A3F8C2207B6803F10F
:10CC500048007B6803F1B8017B68C0331A4607F0CF
:10CC6000A5F903461A467B6883F8C8207B68B3F8A9
:10CC700098207B68A3F8B8207B680122A3F8BA202B
:10CC80007B6803F198007B6803F1C0017B68B833CF
:10CC90001A4607F0F7F903461A467B6883F8C8205E
:10CCA0007B6803F138007B6803F1B8017B6830339F
:10CCB0001A4607F027FC03461A467B6883F8C8200B
:10CCC00000BF0837BD4680BD80B582B000AF786038
:10CCD0007B6893F82C30002B47D17B68B3F8982001
:10CCE0007B68A3F8A8207B68B3F87A207B68A3F858
:10CCF000AA207B68B3F8A8207B68A3F8B0207B68E3
:10CD0000B3F85A207B68A3F8B2207B6803F198003F
:10CD10007B6803F178017B68A8331A4607F0B2F903
:10CD200003461A467B6883F8C8207B6803F1A80095
:10CD30007B6803F158017B68B0331A4607F0A2F90B
:10CD400003461A467B6883F8C8207B6803F15800C5
:10CD50007B6803F1B0017B6850331A4607F026F96F
:10CD600003461A467B6883F8C82000BF0837BD46D3
:10CD700080BD000080B584B000AF78607868FFF7B0
:10CD800093FD7B68D3F8CC30002B04D07B68D3F8BC
:10CD9000CC30786898477868FFF7C4FD7B68D3F893
:10CDA000D030002B04D07B68D3F8D0307868984717
:10CDB0007868FFF71DFE7B68D3F8D430002B04D0D1
:10CDC0007B68D3F8D430786898477B681B7C002B4D
:10CDD00003D17B68DB7B002B1DD17868FFF75FFEFA
:10CDE0007B68D3F8D830002B04D07B68D3F8D830D8
:10CDF000786898477868FFF7FCFE7B68D3F8DC30EA
:10CE0000002B04D07B68D3F8DC30786898477868CA
:10CE1000FFF75AFF23E07B68D3F8E8007B68D3F87C
:10CE2000EC103F4B1B881A467B681B7B02FB03F30D
:10CE30001A4609F0A8F97B68D3F8F8007B68D3F8A4
:10CE4000FC10374B1B881A467B681B7B02FB03F3E5
:10CE50007A68127B02FB03F31A4609F094F97B68A7
:10CE6000D3F8E030002B04D07B68D3F8E03078684A
:10CE700098470023FB732FE07B68D3F8F820FB7BF7
:10CE80007968097B03FB01F1FB7B0B449B00134496
:10CE900093ED007A7B681A6AFB7B9B001344D3ED09
:10CEA000007AB4EEE77AF1EE10FA12D57B681A6ACE
:10CEB000FB7B9B001A447B68D3F8F810FB7B7868F7
:10CEC000007B03FB00F0FB7B03449B000B441268D8
:10CED0001A60FB7B0133FB737B681B7BFA7B9A42F6
:10CEE000CAD37B6818687B68D3F8E8100C4B1B88A2
:10CEF0001A467B681B7B02FB03F31A4609F043F9D1
:10CF00007B68D3F8E430002B04D07B68D3F8E4309E
:10CF1000786898477B681B6818461037BD4680BD07
:10CF2000644D002090B585B000AF78607B6800222A
:10CF30001A747B68D3F8F4007B685968734B1B88BC
:10CF40001A467B689B7B02FB03F31A4609F01BF928
:10CF50007B6858686D4B1B881A467B689B7B02FB7D
:10CF600003F31A46002108F0F0FF7B68D3F818019C
:10CF7000664B1B881A467B689B7B02FB03F37A682F
:10CF8000927B02FB03F31A46002108F0DEFF7B6868
:10CF9000D3F80C015D4B1B881A467B681B7B02FB98
:10CFA00003F37A68927B02FB03F31A46002108F030
:10CFB000CCFF0023FB7347E07B68D3F8F420FB7BB6
:10CFC0009B001344D3ED007AF5EE407AF1EE10FAAF
:10CFD00037D07B68D3F8F420FB7B9B001A447B6836
:10CFE000D3F8F4107B681B7C9B000B4412681A601A
:10CFF0007B685B6A7A68127C1344FA7B1A707B68E0
:10D000009A69FB7B9B001A447B68D3F80C117B6800
:10D010001B7B18467B681B7C00FB03F37868446924
:10D02000F87B20440078034403F18043013B9B00DC
:10D030000B4412681A607B681B7C0133DAB27B6890
:10D040001A74FB7B0133FB737B689B7BFA7B9A42F0
:10D05000B2D30023BB7319E07B68DA697B68596A35
:10D06000BB7B0B441B789B001A447B68D3F81811D8
:10D07000BB7B7868007C03FB00F0BB7B03449B0018
:10D080000B4412681A60BB7B0133BB737B681B7C4B
:10D09000BA7B9A42E0D37B681B7C1A467B68A3F874
:10D0A00078207B681B7B1A467B68A3F87A207B6814
:10D0B0001B7B1A467B68A3F880207B681B7C1A4682
:10D0C0007B68A3F882207B681B7C1A467B68A3F8E8
:10D0D00090207B681B7C1A467B68A3F892207B68B3
:10D0E0001B7B1A467B68A3F898207B681B7C1A463A
:10D0F0007B68A3F89A207B681B7C1A467B68A3F8A0
:10D10000482000BF1437BD4690BD00BF644D0020CD
:10D1100080B588B000AF786187ED040AC7ED030AD7
:10D1200087ED021AC7ED011A87ED002A424B012252
:10D130001A70414A3B69C2F8B0313F4AFB68C2F8F5
:10D14000B4313D4ABB68C2F8B8313B4B3B4AC3F8E7
:10D15000CC21394B002283F8382137494FF00002A7
:10D160004FF00003C1E9502333494FF000024FF064
:10D170000003C1E95223D7ED017AB7EE007AF4EE4D
:10D18000C77AF1EE10FA02DD4FF07E537B602A4A37
:10D190007B68C2F8D031284A3B68C2F8903103233B
:10D1A000002206212648FEF777FF264B01220121A7
:10D1B000254807F0A3F90023FB610EE0FB699B0003
:10D1C0007A691A441C4BD3F8EC10FB699B000B44A2
:10D1D00012681A60FB690133FB61FB69032BEDDD0B
:10D1E000154B1A4AC3F8D020134B194AC3F8D42060
:10D1F000114B184AC3F8D8200F4B174AC3F8DC204C
:10D200000D4B012283F82E200B4B012283F82F2097
:10D21000094BD3F8043190221049184608F0B3FFA7
:10D22000054BD3F8FC3090220D49184608F0ABFFAF
:10D2300000BF2037BD4680BD684D002077CC2B3223
:10D240006C4D0020304F0020284F00206DE4000876
:10D25000B1D900086DDC0008D1DD0008FC7A0108B6
:10D2600014000020B0B58AB000AF87ED070AC7ED03
:10D27000060A87ED051AC7ED041A87ED032AC7EDE4
:10D28000022A87ED013AB94A7B68C2F8BC31B74B34
:10D29000D3ED587A97ED077A77EE677AB34BC3ED03
:10D2A0005B7AB24BD3ED597A97ED067A77EE677ACF
:10D2B000AE4BC3ED5C7AAD4BD3ED5A7A97ED057A60
:10D2C00077EE677AA94BC3ED5D7AA84BD3ED5B7A15
:10D2D000B6EE007A27EE877AD7ED017A67EE277AE5
:10D2E000A34BC3ED007AA14BD3ED5C7AB6EE007A86
:10D2F00027EE877AD7ED017A67EE277A9D4BC3ED4B
:10D30000007A9A4BD3ED5D7AB6EE007A27EE877AF3
:10D31000D7ED017A67EE277A974BC3ED007A934BEE
:10D32000D3F8043190229549184608F02CFF904B11
:10D33000D3ED007A8D4BD3F804310433F1EE677AE4
:10D34000C3ED007A8B4BD3ED007A884BD3F80431D0
:10D350000833F1EE677AC3ED007A874BD3ED007A9C
:10D36000824BD3F804310C33F1EE677AC3ED007AC7
:10D370007E4BD3F8043118337D4A12681A607B4B18
:10D38000D3F8043120337C4A12681A60794BD3ED0C
:10D39000007A764BD3F804312433F1EE677AC3ED8B
:10D3A000007A724BD3F804313033724A12681A6033
:10D3B000714BD3ED007A6D4BD3F804313433F1EE79
:10D3C000677AC3ED007A694BD3F804313C33684A7D
:10D3D00012681A60654BD3F804314833664A126804
:10D3E0001A60624BD3F804314C33624A12681A60F7
:10D3F0005F4BD3ED007A5D4BD3F804315033F1EE3F
:10D40000677AC3ED007A594BD3E9522313430BD10A
:10D41000564A3B69C2F87831544AFB68C2F87C31FD
:10D42000524ABB68C2F88031504B93ED5E7A4F4B45
:10D43000D3ED647A67EE276A4C4B93ED6F7A4B4BD2
:10D44000D3ED647A77EE277A86EEA77A474BD3ED51
:10D450006F6AD7ED047A26EEA76A444BD3ED6F6A64
:10D46000424BD3ED647A76EEA76AC6EE267A77EE63
:10D47000277A3E4BC3ED5E7A3C4B93ED5F7A3B4B94
:10D48000D3ED647A67EE276A384B93ED6F7A374BAA
:10D49000D3ED647A77EE277A86EEA77A334BD3ED15
:10D4A0006F6AD7ED037A26EEA76A304BD3ED6F6A29
:10D4B0002E4BD3ED647A76EEA76AC6EE267A77EE27
:10D4C000277A2A4BC3ED5F7A284B93ED607A274B7E
:10D4D000D3ED647A67EE276A244B93ED6F7A234B82
:10D4E000D3ED647A77EE277A86EEA77A1F4BD3EDD9
:10D4F0006F6AD7ED027A26EEA76A1C4BD3ED6F6AEE
:10D500001A4BD3ED647A76EEA76AC6EE267A77EEEA
:10D51000277A164BC3ED607A144B93ED5E7A134B6A
:10D52000D3ED5E7A27EE277A104BD3ED5F6A0F4B6F
:10D53000D3ED5F7A66EEA77A37EE277A0B4BD3ED01
:10D54000606A0A4BD3ED607A66EEA77A77EE277AA7
:10D55000B0EE670A00F0B0FFF0EE407A084BC3ED82
:10D56000007A002387F8273026E000BF684D0020AE
:10D57000D84F0020DC4F0020E04F0020FC7A01084B
:10D58000E44F002097F82730384A5E339B0013445D
:10D5900093ED007A364BD3ED007A344B9A6897F8C6
:10D5A00027309B00134467EE277AC3ED007A97F883
:10D5B0002730013387F8273097F82730022BE1D93D
:10D5C0002A4B93ED5B7A294BD3ED5B7A27EE277AD2
:10D5D000264BD3ED5C6A254BD3ED5C7A66EEA77AD9
:10D5E00037EE277A214BD3ED5D6A204BD3ED5D7A80
:10D5F00066EEA77A77EE277AB0EE670A00F05CFF56
:10D60000B0EE407AF7EE006AC6EE877A174BC3EDAC
:10D61000657A174B93ED007AF7EE006AC6EE877ACB
:10D62000124BC3ED667A114BD3ED657A9FED117AFB
:10D63000F4EEC77AF1EE10FA22D50C4BD3ED667AF0
:10D640009FED0D7AF4EEC77AF1EE10FA18DD074B74
:10D65000D3ED667A9FED097AF4EEC77AF1EE10FA0F
:10D660000ED5024B012283F839210DE0684D0020D0
:10D67000E44F00209A99993ECDCC1441CDCC244161
:10D68000C54B002283F83921C34B93ED6C7AC24B12
:10D69000D3ED6F7AC04BD3F8183167EE277AC3ED1C
:10D6A000007ABD4B93ED6C7ABB4BD3ED6F7ABA4BDE
:10D6B000D3F818311C3367EE277AC3ED007AB64BE6
:10D6C00093ED6C7AB44BD3ED6F7AB34BD3F818313A
:10D6D000383367EE277AC3ED007AAF4B93ED6C7A5F
:10D6E000AD4BD3ED6F7AAC4BD3F81831543367EEB2
:10D6F000277AC3ED007AA84B93ED6D7AA64BD3ED54
:10D700006F7AA54BD3F81831703367EE277AC3EDE3
:10D71000007AA14B93ED6D7A9F4BD3ED6F7A9E4BC0
:10D72000D3F818318C3367EE277AC3ED007A9A4B21
:10D73000D3F81C31984AD2F8B8211A60964BD3F826
:10D740001C311033944AD2F8B8211A60924BD3F8A6
:10D750001C312033904AD2F8B8211A608F48FFF765
:10D7600009FB8D4B5B681B688B4AC2F850318A4BB2
:10D770005B685B68884AC2F85431874B5B689B687A
:10D78000854AC2F85831844B5B68DB68824AC2F82C
:10D790005C31814B5B681B697F4AC2F860317E4B0C
:10D7A0005B685B697C4AC2F864317B4B4FF00002D6
:10D7B000C3F86821784B93ED547A774BD3ED577AC1
:10D7C00027EE277A744BD3ED556A734BD3ED567A17
:10D7D00066EEA77A77EE277A37EEA76A6E4B93ED5F
:10D7E000547A6D4BD3ED547A27EE277A6A4BD3EDFA
:10D7F000556A694BD3ED557A66EEA77A77EE277AAC
:10D8000077EEA77AB7EE007A77EEC77AF0EE670A7E
:10D81000B0EE460A06F0CAFFF0EE407A9FED607A5D
:10D8200067EE877A5C4BC3ED6A7A5B4B93ED547A73
:10D83000594BD3ED557A27EE277A574BD3ED566ADD
:10D84000554BD3ED577A66EEA77A77EE277A37EE07
:10D85000A76A514B93ED547A4F4BD3ED547A27EE90
:10D86000277A4D4BD3ED576A4B4BD3ED577A66EE83
:10D87000A77A77EE277A77EEA77AB7EE007A77EE77
:10D88000C77AF0EE670AB0EE460A06F08FFFF0EEB8
:10D89000407A9FED437A67EE877A3F4BC3ED697A12
:10D8A0003D4B93ED557A3C4BD3ED577A27EE277AD3
:10D8B000394BD3ED546A384BD3ED567A66EEA77ADE
:10D8C00077EE677AB8EE007A67EE877AB0EE670A8D
:10D8D00006F040FFF0EE407A9FED317A67EE877AEE
:10D8E0002D4BC3ED687A2C4B93ED6A7A2A4BD3ED1E
:10D8F000767A77EE677A9FED2B7AF4EEC77AF1EEBF
:10D9000010FA0ADD244BB3F9D4319BB2013B9BB230
:10D910001AB2214BA3F8D42118E01F4B93ED6A7A79
:10D920001D4BD3ED767A77EE677A9FED1F7AF4EE92
:10D93000C77AF1EE10FA09D5174BB3F9D4319BB27F
:10D9400001339BB21AB2144BA3F8D421124BB3F992
:10D95000D43107EE903AF8EEE77A9FED147A27EE8D
:10D96000877A0D4BD3ED6A7A77EE277A0A4BC3EDAF
:10D970006B7A094BD3F8A831074AC2F8D831064B65
:10D98000D3E95223541C43F10005034BC3E952452C
:10D9900000BF2837BD46B0BD684D00206C4D00204B
:10D9A000E12E654200003443000034C30000B4435C
:10D9B00080B584B000AF78607B68D3F8EC301B682A
:10D9C000A24A13607B68D3F8EC305B68A04A13600E
:10D9D0007B68D3F8EC309B689E4A13607B68D3F871
:10D9E000EC30DB689C4A1360984B93ED007A974BC0
:10D9F000D3ED007A27EE277A954BD3ED006A944B4E
:10DA0000D3ED007A66EEA77A37EE277A914BD3ED05
:10DA1000006A904BD3ED007A66EEA77A37EE277A4C
:10DA20008D4BD3ED006A8C4BD3ED007A66EEA77A6E
:10DA300077EE277AB0EE670A00F03EFDF0EE407A0E
:10DA4000864BC3ED007A0023FB7317E07B68D3F8A5
:10DA5000EC20FB7B9B00134493ED007A7F4BD3EDCE
:10DA6000007A7B68D3F8EC20FB7B9B00134467EEC5
:10DA7000277AC3ED007AFB7B0133FB73FB7B032B1F
:10DA8000E4D9774B93ED6F7A714BD3ED007A27EEA3
:10DA9000277A7B68D3F800311033F0EE006AC7EEC6
:10DAA000267AC3ED007A6E4B93ED6F7A694BD3ED16
:10DAB000007A27EE277A7B68D3F800311433F0EE32
:10DAC000006AC7EE267AC3ED007A604BD3ED007A88
:10DAD000B1EE677A624BD3ED6F7A27EE277A7B68D7
:10DAE000D3F800312833F0EE006AC7EE267AC3ED92
:10DAF000007A5B4B93ED6F7A574BD3ED007A27EEAC
:10DB0000277A7B68D3F800312C33F0EE006AC7EE39
:10DB1000267AC3ED007A504BD3ED007AB1EE677AE6
:10DB20004F4BD3ED6F7A27EE277A7B68D3F800311D
:10DB30004033F0EE006AC7EE267AC3ED007A434B1D
:10DB4000D3ED007AB1EE677A454BD3ED6F7A27EECD
:10DB5000277A7B68D3F800314433F0EE006AC7EED1
:10DB6000267AC3ED007A3E4B93ED6F7A394BD3EDB5
:10DB7000007A27EE277A7B68D3F800315833F0EE2D
:10DB8000006AC7EE267AC3ED007A314BD3ED007AF6
:10DB9000B1EE677A324BD3ED6F7A27EE277A7B6846
:10DBA000D3F800315C33F0EE006AC7EE267AC3ED9D
:10DBB000007A7B68D3F8F8307033D3ED006A284BD5
:10DBC00093ED747A7B68D3F8F8307033C6EE877AB9
:10DBD000C3ED007A7B68D3F8F8308C33D3ED006A5C
:10DBE0001F4B93ED747A7B68D3F8F8308C33C6EE14
:10DBF000877AC3ED007A7B68D3F8F8307033D3EDC1
:10DC0000007A9FED187AF4EEC77AF1EE10FA05DD8E
:10DC10007B68D3F8F8307033134A1A607B68D3F806
:10DC2000F8308C33D3ED007A9FED0E7AF4EEC77A9C
:10DC3000F1EE10FA00DC05E07B68D3F8F8308C33A5
:10DC4000094A1A6000BF1037BD4680BDE84F00206A
:10DC5000EC4F0020F04F0020F44F0020F84F002040
:10DC6000684D002000401C4600401C4680B582B034
:10DC700000AF78607B68D3F8EC30D3ED007A77EEB4
:10DC8000A77A4E4BC3ED007A7B68D3F8EC300433AF
:10DC9000D3ED007A77EEA77A494BC3ED007A7B6823
:10DCA000D3F8EC300833D3ED007A77EEA77A454B02
:10DCB000C3ED007A7B68D3F8EC300C33D3ED007AF7
:10DCC00077EEA77A404BC3ED007A7B68D3F80C015E
:10DCD0003E4B1B881A467B689B7B02FB03F37A68EA
:10DCE000127B02FB03F31A46002108F02EF9354B94
:10DCF000D3ED007A7B68D3F80C31F1EE677AC3ED8F
:10DD0000007A7B68D3F80C3104332F4A12681A600A
:10DD10002A4BD3ED007A7B68D3F80C310833F1EE4F
:10DD2000677AC3ED007A7B68D3F80C310C33244A50
:10DD300012681A607B68D3F80C311833204A1268D5
:10DD40001A607B68D3F80C311C331C4A12681A60C5
:10DD50007B68D3F80C3120331B4A12681A607B6849
:10DD6000D3F80C312433174A12681A607B68D3F851
:10DD70000C313033114A12681A60114BD3ED007A1E
:10DD80007B68D3F80C313433F1EE677AC3ED007A57
:10DD90000C4BD3ED007A7B68D3F80C313833F1EEBD
:10DDA000677AC3ED007A7B68D3F80C313C33064ABE
:10DDB00012681A6000BF0837BD4680BDFC4F0020C6
:10DDC000005000200450002008500020644D002026
:10DDD000F0B585B000AF78607B6803F178027B68AE
:10DDE00080331946104606F037F803461A467B681A
:10DDF00083F8C8207B68B3F878207B68A3F8A82054
:10DE00007B68B3F85A207B68A3F8AA207B6803F1EB
:10DE100078007B6803F158017B68A8331A4606F046
:10DE200031F903461A467B6883F8C8207B68B3F84B
:10DE3000A8207B68A3F8B0207B68B3F882207B68B9
:10DE4000A3F8B2207B6803F1A8007B6803F180018E
:10DE50007B68B0331A4606F015F903461A467B680C
:10DE600083F8C8207B68B3F890207B68A3F8A020D3
:10DE70007B68B3F892207B68A3F8A2207B6803F14B
:10DE8000B0007B6803F190017B68A0331A4606F06E
:10DE900039FB03461A467B6883F8C8207B6803F188
:10DEA000A0027B68B0331946104606F0FBF9034622
:10DEB0001A467B6883F8C8207B68D3F8EC301B686F
:10DEC000B54A13607B68D3F8EC305B68B34A1360E3
:10DED0007B68D3F8EC309B68B14A13607B68D3F859
:10DEE000EC30DB68AF4A13607B68B3F878207B685E
:10DEF000A3F8B8207B680122A3F8BA20A74B93EDC2
:10DF0000007AA84BD3ED007A27EE277AA24BD3ED07
:10DF1000006AA34BD3ED007A66EEA77A77EE677AB4
:10DF20007B68D3F82C3177EEA77AC3ED007A9A4B51
:10DF300093ED007A994BD3ED007A27EE277A984B30
:10DF4000D3ED006A974BD3ED007A66EEA77A77EEB1
:10DF5000277A7B68D3F82C31043377EEA77AC3EDA8
:10DF6000007A8D4B93ED007A8B4BD3ED007A27EE40
:10DF7000277A8A4BD3ED006A884BD3ED007A66EEA0
:10DF8000A77A37EE677A864BD3ED006A844BD3EDE0
:10DF9000007A66EEA77A37EE677A824BD3ED006A95
:10DFA000804BD3ED007A66EEA77A7B68D3F82C31EC
:10DFB000083377EE277AC3ED007A0023FB731BE06A
:10DFC0007B68D3F82C21FB7B9B001344D3ED007AB4
:10DFD000F0EEE77AFE7BB0EE670A06F08FFBF0EE1C
:10DFE000407A714A06F160039B0013440433C3ED89
:10DFF000007AFB7B0133FB73FB7B022BE0D97B6850
:10E00000B3F848207B68A3F8C0207B680122A3F8FE
:10E01000C2207B6803F148007B6803F1B8017B688C
:10E02000C0331A4605F0C2FF03461A467B6883F8E0
:10E03000C8207B68B3F8C0207B68A3F8A8207B6861
:10E040000122A3F8AA207B6803F1B0007B6803F1EA
:10E05000C0017B68A8331A4606F014F803461A4636
:10E060007B6883F8C8207B680122A3F8B8207B680E
:10E07000B3F8C0207B68A3F8BA207B6803F1C00224
:10E080007B68B8331946104605F0E6FE03461A468B
:10E090007B6883F8C8207B6803F1B8007B68A833ED
:10E0A000424A194605F0EEFF03461A467B6883F89C
:10E0B000C8203D4B93ED727A3B4BD3ED737AF6EE6D
:10E0C000006A67EEA67AB4EEE77AF1EE10FA03D5AD
:10E0D000354B012283F83821334B93ED727A324B62
:10E0E000D3ED737AB4EEE77AF1EE10FA62DD2E4BDF
:10E0F00093F83831002B5DD02B4B93F83931002B3E
:10E1000009D0294BD3E95023541C43F10005264B79
:10E11000C3E9504506E024494FF000024FF00003E8
:10E12000C1E95023204BD3E95023332A73F1000374
:10E1300008D31D4B002283F838217B68002283F826
:10E140002C2070E07B68D3F8E8007B68D3F8EC10F3
:10E15000174B1B881A467B681B7B02FB03F31A468E
:10E1600008F011F87B68D3F8F8007B68D3F8FC104E
:10E170000F4B1B881A467B681B7B02FB03F37A68F4
:10E18000127B02FB03F31A4607F0FDFF7B680122B6
:10E1900083F82C205AE100BF0C50002010500020C2
:10E1A0001450002018500020684D0020284F0020F7
:10E1B000644D0020A74B93ED727AA64BD3ED737A92
:10E1C000DFEDA56A67EEA67AB4EEE77AF1EE10FA13
:10E1D00019DDA04B93F83831002B14D09D4B93EDF3
:10E1E000737A9C4BD3ED727A77EE676A994BD3EDD5
:10E1F000737A9FED9A7A27EE877AC6EE877A954BE7
:10E20000C3ED677A04E0934B4FF07E52C3F89C2134
:10E2100090494FF000024FF00003C1E950237B68A2
:10E22000002283F82C207B68B3F858207B68A3F881
:10E23000A8207B68B3F882207B68A3F8AA207B68BB
:10E2400003F158007B6803F180017B68A8331A460C
:10E2500005F018FF03461A467B6883F8C8207B68E0
:10E2600003F1A8007B6803F1B0017B6898331A467C
:10E2700005F008FF03461A467B6883F8C820002390
:10E28000BB7317E07B68D3F81C21BB7B9B00134456
:10E2900093ED007A6F4BD3ED677A7B68D3F81C213E
:10E2A000BB7B9B00134467EE277AC3ED007ABB7BF0
:10E2B0000133BB73BA7B7B68B3F8983019467B682F
:10E2C000B3F89A3001FB03F39A42DBDB04237B7340
:10E2D00034E000233B732BE07B68D3F81C117A7B7E
:10E2E00013465B001A443B7B13449B000B4493EDA5
:10E2F000007A7B7B043B574A60339B001344043312
:10E30000D3ED006A9FED566AC6EE867A7B68D3F835
:10E310001C117A7B13465B001A443B7B13449B0021
:10E320000B4467EE277AC3ED007A3B7B01333B73E6
:10E330003B7B022BD0D97B7B01337B737B7B052B13
:10E34000C7D97B68B3F898207B68A3F8B8207B68AE
:10E350000122A3F8BA207B6803F198007B6803F1DF
:10E36000C0017B68B8331A4605F08CFE03461A4696
:10E370007B6883F8C820374B93F83831002B4ED098
:10E380000423FB7248E07B68D3F8BC20FB7A9B0037
:10E39000134493ED007A2F4BD3ED6F7ADFED316AA2
:10E3A00067EEA67AB4EEE77AF1EE10FA0EDD294BAD
:10E3B000D3ED6F7A7B68D3F8BC20FB7A9B001344C3
:10E3C0009FED287A67EE877AC3ED007A7B68D3F8F1
:10E3D000BC20FB7A9B00134493ED007A1D4BD3EDD8
:10E3E0006F7ADFED216A67EEA67AB4EEE77AF1EE96
:10E3F00010FA0ED5174BD3ED6F7A7B68D3F8BC209B
:10E40000FB7A9B0013449FED187A67EE877AC3ED81
:10E41000007AFB7A0133FB72FB7A052BB3D97B6858
:10E42000D3F8BC300C334FF000021A607B6803F164
:10E4300038007B6803F1B8017B6830331A4606F078
:10E4400061F803461A467B6883F8C8201437BD4636
:10E45000F0BD00BF684D0020CDCCCC3D6666663F68
:10E46000DA0FC93F0AD7233C0AD723BC80B582B054
:10E4700000AF78607B68D3F8F830902219460B48DB
:10E4800007F081FE7B68D3F81C3148221946084802
:10E4900007F079FE7B68D3F80C314822194605480D
:10E4A00007F071FE00BF0837BD4680BD1400002094
:10E4B000484F0020904F002080B487B000AF87ED18
:10E4C000010AD7ED017AB6EE007A67EE877AC7EDDA
:10E4D000057A7B683B6107F110031B68FB60FB68F2
:10E4E0005A10124B9B1AFB6007F10C031B683B612F
:10E4F00097ED047AD7ED057A27EE277AD7ED047ADF
:10E5000067EE277AB7EE087A37EE677AD7ED047AA6
:10E5100067EE277AC7ED047A3B6907EE903AB0EED2
:10E52000670A1C37BD465DF8047B7047865A375F23
:10E5300080B487B000AF87ED010AD7ED017AF5EE20
:10E54000C07AF1EE10FA02D84FF000033CE097EDEC
:10E55000017AF0EE006AC7EE267AC7ED057AD7EDAC
:10E56000017A9FED1E7A67EE877AC7ED047AD7EDC0
:10E57000057A27EEA77AD7ED017A77EE677AC7EDAD
:10E58000037AD7ED057A37EEA77AD7ED036AC6EEA0
:10E59000877A97ED057A77EE677AC7ED057A97ED7A
:10E5A000037AD7ED047AB4EEE77AF1EE10FADEDC06
:10E5B000D7ED047AF1EE677A97ED037AB4EEE77A55
:10E5C000F1EE10FAD3D47B6907EE903AB0EE670A09
:10E5D0001C37BD465DF8047B704700BF6F12833A5D
:10E5E00080B584B000AF78607B6893ED007A7B687B
:10E5F000D3ED007A27EE277A7B680433D3ED006AE7
:10E600007B680433D3ED007A66EEA77A37EE277A7B
:10E610007B680833D3ED006A7B680833D3ED007A5A
:10E6200066EEA77A77EE277AB0EE670AFFF780FFEB
:10E6300087ED030A7B68D3ED006A97ED037AC6EE97
:10E64000877A7B68C3ED007A7B680433D3ED006A78
:10E650007B68043397ED037AC6EE877AC3ED007AC0
:10E660007B680833D3ED006A7B68083397ED037A43
:10E67000C6EE877AC3ED007A7B6818461037BD4630
:10E6800080BD80B485B000AFF860B9607A60FB6887
:10E69000043393ED007ABB680833D3ED007A27EE9C
:10E6A000277AFB680833D3ED006ABB680433D3EDE7
:10E6B000007A66EEA77A77EE677A7B68C3ED007A18
:10E6C000FB68083393ED007ABB68D3ED007A27EE40
:10E6D000277AFB68D3ED006ABB680833D3ED007A74
:10E6E00066EEA77A7B68043377EE677AC3ED007A2B
:10E6F000FB6893ED007ABB680433D3ED007A27EE14
:10E70000277AFB680433D3ED006ABB68D3ED007A47
:10E7100066EEA77A7B68083377EE677AC3ED007AF6
:10E7200000BF1437BD465DF8047B704780B483B0EA
:10E7300000AF786039607B6893ED007A3B68D3ED79
:10E74000007A27EE277A7B680433D3ED006A3B68B2
:10E750000433D3ED007A66EEA77A37EE277A7B682A
:10E760000833D3ED006A3B680833D3ED007A66EED8
:10E77000A77A77EE277AB0EE670A0C37BD465DF8C8
:10E78000047B704780B582B000AF40F2044007F0D0
:10E790005BF903467B6040F204420021786807F091
:10E7A000D4FB7B68002283F800247B68012283F875
:10E7B00001247B6818460837BD4680BD80B485B00B
:10E7C00000AFF86087ED020A0B46FB71FB6893F817
:10E7D00001341A46FB79013392FBF3F101FB03F399
:10E7E000D31ADAB2FB6883F80124FB6893F800348B
:10E7F0005A1CD1B2FA6882F80014FA689B001344DC
:10E80000BA681A60FB6893F800341A46FB79013342
:10E8100092FBF3F101FB03F3D31ADAB2FB6883F83E
:10E820000024FB6893F801345A1CD1B2FA6882F8CC
:10E830000114FA689B0013441B6807EE903AB0EE8F
:10E84000670A1437BD465DF8047B704780B582B017
:10E8500000AF78600B46FB701F4A7B6813601F4B4C
:10E8600000221A7000F09EFB03461A461B4B1B78D1
:10E870001343DAB2194B1A7000F078FC03461A46BB
:10E88000164B1B781343DAB2144B1A70FB78002B2B
:10E8900003D0134800F030F818E0114B114A5A62C7
:10E8A0000F4B114A9A620E4B0F4ADA620C4B0F4A19
:10E8B0001A630B4B93ED0C7ADFED0D6AC6EE877A87
:10E8C000074BC3ED087A064B0A4A9A61034B1B7843
:10E8D00018460837BD4680BD785000201E500020E5
:10E8E00034500020AC38223BB016CE393F161B41C5
:10E8F000C3F51C410000204280B590B000AF7860A5
:10E9000007F1200300221A605A604FF00003BB6237
:10E910004FF00003BB634FF000037B63FAF7BAFCD0
:10E92000F0EE407AC04BC3ED007AFAF7B3FCB0EEDC
:10E93000407ABD4BD3ED007A77EE677AB2EE087A73
:10E94000F4EEC77AF1EE10FA0FDD7B68B74A5A622F
:10E950007B68B74A9A627B68B54ADA627B68B54AD7
:10E960001A637B68B44A9A61FCE29FEDB40AFAF735
:10E97000F1FC7B684FF000021A637B684FF00002E5
:10E980005A627B684FF000029A627B684FF0000287
:10E99000DA6200237B8608E200F07CFE922000F021
:10E9A000A9FE07F1200306221946122000F04CFEB2
:10E9B00000F07CFE97F821301BB21B021AB297F8C8
:10E9C00020301BB21343FB87B7F93E3007EE903A75
:10E9D000B8EEE77A9A4BD3ED007A67EE277A7B6838
:10E9E000C3ED007A97F823301BB21B021AB297F8D6
:10E9F00022301BB21343FB87B7F93E3007EE903A43
:10EA0000B8EEE77A8E4BD3ED007A67EE277A7B6813
:10EA1000C3ED017A97F825301BB21B021AB297F8A2
:10EA200024301BB21343FB87B7F93E3007EE903A10
:10EA3000B8EEE77A824BD3ED007A67EE277A7B68EF
:10EA4000C3ED027A7B6893ED007A7B68D3ED007AA0
:10EA500027EE277A7B68D3ED016A7B68D3ED017AD4
:10EA600066EEA77A37EE277A7B68D3ED026A7B6879
:10EA7000D3ED027A66EEA77A77EE277AB0EE670AD0
:10EA800005F096FE87ED0A0A7B6893ED0C7AD7EDC8
:10EA90000A7A77EE277A7B68C3ED0C7A00F012FED3
:10EAA00007F1200308221946002000F0CDFD00F0F8
:10EAB00015FE97F820300F2B68D197F823301BB242
:10EAC0001B021AB297F822301BB21343FB87B7F927
:10EAD0003E3007EE903AB8EEE77A5A4BD3ED007A23
:10EAE00067EE277A7B68C3ED037A7B6893ED097A3A
:10EAF0007B68D3ED037A77EE277A7B68C3ED097ADA
:10EB000097F825301BB21B021AB297F824301BB2BB
:10EB10001343FB87B7F93E3007EE903AB8EEE77A39
:10EB2000484BD3ED007A67EE277A7B68C3ED047A11
:10EB30007B6893ED0A7A7B68D3ED047A77EE277AC7
:10EB40007B68C3ED0A7A97F827301BB21B021AB212
:10EB500097F826301BB21343FB87B7F93E3007EE18
:10EB6000903AB8EEE77A374BD3ED007A67EE277A22
:10EB70007B68C3ED057A7B6893ED0B7A7B68D3EDF8
:10EB8000057A77EE277A7B68C3ED0B7A7B8E002BB4
:10EB90002FD1BB6ABB63BB6A7B63002387F831302C
:10EBA00022E097F8312097F83130796802329200EC
:10EBB0000A44043212689B0040333B442C3B1A60E9
:10EBC00097F8312097F831307968023292000A4480
:10EBD000043212689B0040333B44383B1A6097F87C
:10EBE0003130013387F8313097F83130022BD8D9E2
:10EBF0007DE097ED0A7AD7ED0E7AB4EEE77AF1EE82
:10EC000010FA01DDBB6ABB6397ED0A7AD7ED0D7A86
:10EC1000B4EEE77AF1EE10FA01D5BB6A7B6300230C
:10EC200087F830305FE000BF68500020AC38223BEE
:10EC3000B016CE393F161B41000020420AD7A33B35
:10EC4000A4000020A800002097F830307A68023332
:10EC50009B001344043393ED007A97F830309B0007
:10EC600040333B442C3BD3ED007AB4EEE77AF1EE2F
:10EC700010FA0EDD97F8302097F8303079680232BC
:10EC800092000A44043212689B0040333B442C3B00
:10EC90001A6097F830307A6802339B0013440433CB
:10ECA00093ED007A97F830309B0040333B44383B7B
:10ECB000D3ED007AB4EEE77AF1EE10FA0ED597F8BC
:10ECC000302097F830307968023292000A440432DA
:10ECD00012689B0040333B44383B1A6097F8303051
:10ECE000013387F8303097F83030022BACD997EDEC
:10ECF0000E7AD7ED0D7A77EE677AA14BC3ED007AE5
:10ED0000002387F82F301DE097F82F309B00403309
:10ED10003B442C3B93ED007A97F82F309B00403317
:10ED20003B44383BD3ED007A97F82F3077EE677A83
:10ED3000944A9B001344C3ED007A97F82F300133B7
:10ED400087F82F3097F82F30022BDDD98C4BD3ED7D
:10ED5000007AB6EE007AF4EEC77AF1EE10FA2ADC09
:10ED6000884BD3ED007A9FED887AF4EEC77AF1EE06
:10ED700010FA20DC834BD3ED017A9FED837AF4EE19
:10ED8000C77AF1EE10FA16DC7E4BD3ED027A9FEDD6
:10ED90007E7AF4EEC77AF1EE10FA0CDC9FED7B0A76
:10EDA000FAF7D8FA7B8E01337B86794B1B887A8EF3
:10EDB0009A42FFF4F1AD7B68D3ED0C6A744B1B886B
:10EDC00007EE903AB8EE677AC6EE877A7B68C3EDB5
:10EDD0000C7A002387F82E301EE097F82E307A68E0
:10EDE00008339B0013440433D3ED006A684B1B883F
:10EDF00007EE903AB8EE677A97F82E30C6EE877A2B
:10EE00007A6808339B0013440433C3ED007A97F803
:10EE10002E30013387F82E3097F82E30022BDCD9B4
:10EE200000F038FCA22000F065FC07F1200302226C
:10EE30001946222000F008FC00F038FC97F820303A
:10EE40001BB2DB001AB297F821305B09DBB21BB2B0
:10EE50001343FB87B7F93E30B3F5806F04DBFB8FBC
:10EE6000A3F500639BB2FB87B7F93E3007EE903AFB
:10EE7000F8EEE77AB4EE007A67EE877AB3EE077AB7
:10EE800077EE877A7B68C3ED067A424BB3F90030A0
:10EE90009BB201339BB21AB23E4B1A80384BD3ED72
:10EEA000007AB6EE007AF4EEC77AF1EE10FA3FF788
:10EEB0003CAD7B68D3ED0C7A9FED377A77EEC77A5D
:10EEC000F0EEE77AB6EE007AF4EEC77AF1EE10FAD9
:10EED0003FF72BAD2B4BD3ED007AB6EE007AF4EE74
:10EEE000C77AF1EE10FA3FF720AD264BD3ED017A49
:10EEF000B6EE007AF4EEC77AF1EE10FA3FF715ADF0
:10EF0000204BD3ED027AB6EE007AF4EEC77AF1EE3A
:10EF100010FA3FF70AAD7B68D3ED097AF0EEE77A95
:10EF20009FED1E7AF4EEC77AF1EE10FA3FF7FDACD2
:10EF30007B68D3ED0A7AF0EEE77A9FED187AF4EE6B
:10EF4000C77AF1EE10FA3FF7F0AC7B68D3ED0B7A9D
:10EF5000F0EEE77A9FED117AF4EEC77AF1EE10FA4F
:10EF60003FF7E3AC7B6893ED0C7ADFED0D6AC6EEFC
:10EF7000877A7B68C3ED087A00BF4037BD4680BD05
:10EF80002C500020205000209A99993E6F12033A8D
:10EF9000D600002030500020CDCC1C41CDCC4C3DC3
:10EFA000C3F51C4180B500AF00F074FB802000F079
:10EFB000A1FB552000F09EFB552000F09BFB034673
:10EFC0001A46644B1A7000F071FB9FED630AFAF762
:10EFD000C1F900F05FFB802000F08CFB552000F0B1
:10EFE00089FB552000F086FB03461A46594B1A70E0
:10EFF00000F05CFB9FED580AFAF7ACF900F04AFB11
:10F00000B6217E2000F0F4FA00F050FB9FED530A89
:10F01000FAF7A0F900F03EFB802000F06BFB5520D2
:10F0200000F068FB552000F065FB03461A46494B8B
:10F030001A7000F03BFB9FED480AFAF78BF900F0DD
:10F0400029FB802000F056FB552000F053FB552093
:10F0500000F050FB03461A463E4B1A7000F026FBA8
:10F060009FED3D0AFAF776F93A4B1B781E2B01D03B
:10F07000FF236CE03A4B00221A7063E000F00AFBB9
:10F08000374B1B781946374A0B465B000B44134439
:10F090001A78334B1B781846324903465B00034409
:10F0A0000B4401331B781946104600F0A1FA00F01A
:10F0B000FDFA9FED290AFAF74DF900F0EBFA284B1B
:10F0C0001B781946274A0B465B000B4413441B78F8
:10F0D00063F07F03DBB2184600F00CFB552000F014
:10F0E00009FB552000F006FB03461A46194B1A701F
:10F0F00000F0DCFA9FED180AFAF72CF9184B1B7890
:10F100001946184A0B465B000B44134401331A7826
:10F11000104B1B789A420FD0114B1B781946114A9D
:10F120000B465B000B44134402331A780E4B1B78DA
:10F130001343DAB20C4B1A70094B1B780133DAB265
:10F14000074B1A70064B1B78052B97D900231846DE
:10F1500080BD00BF1C5000206F12833A0AD7A33D28
:10F160001D500020B00000201E50002080B500AFD0
:10F1700000F0A8FA5449002000F04EFA00F0AEFA70
:10F180009FED520AFAF7E6F800F09CFA4E4900208B
:10F1900000F042FA00F0A2FA9FED4C0AFAF7DAF812
:10F1A00000F090FAB621142000F022FA00F096FA4E
:10F1B0009FED470AFAF7CEF800F084FA42490020A2
:10F1C00000F02AFA00F08AFA9FED400AFAF7C2F836
:10F1D00000F078FA3C49002000F01EFA00F07EFAB8
:10F1E0009FED3A0AFAF7B6F8374B1B780F2B01D090
:10F1F000FF2366E0374B00221A705DE000F062FAF0
:10F20000344B1B781946344A0B465B000B441344BD
:10F210001A78304B1B7818462F4903465B0003448D
:10F220000B4401331B781946104600F0E1F900F059
:10F2300055FA9FED260AFAF78DF800F043FA254BB0
:10F240001B781946244A0B465B000B4413441B7879
:10F250001D49184600F0E0F900F040FA9FED1B0A46
:10F26000FAF778F81B4B1B7819461B4A0B465B00D4
:10F270000B44134401331A78134B1B789A4215D070
:10F28000144B1B78013BDAB2124B1A70114B1B78EE
:10F290001946124A0B465B000B44134402331A789A
:10F2A0000F4B1B781343DAB20D4B1A70094B1B78C6
:10F2B0000133DAB2074B1A70064B1B78052B9DD928
:10F2C0000023184680BD00BF1C5000206F12833AF7
:10F2D0000AD7A33D1D500020C4000020B00000202C
:10F2E0001E50002080B582B000AF786000F0D2F9E7
:10F2F000922000F0FFF906226C49122000F0A4F9D8
:10F3000000F0D4F9694B5B781BB21B021AB2674B51
:10F310001B781BB213431AB2654B1A80644BB3F9C6
:10F32000003007EE903AB8EEE77A624BD3ED007A00
:10F3300027EE277A7B68D3ED087A67EE277A7B6819
:10F34000C3ED007A594BDB781BB21B021AB2574B44
:10F350009B781BB213431AB2554B1A80544BB3F926
:10F36000003007EE903AB8EEE77A524BD3ED007AD0
:10F3700027EE277A7B68D3ED087A67EE277A7B68D9
:10F38000C3ED017A494B5B791BB21B021AB2474BA2
:10F390001B791BB213431AB2454B1A80444BB3F985
:10F3A000003007EE903AB8EEE77A424BD3ED007AA0
:10F3B00027EE277A7B68D3ED087A67EE277A7B6899
:10F3C000C3ED027A00F07EF908223849002000F0EF
:10F3D0003BF900F083F9354B1B780F2B40F0C180CF
:10F3E000354B1B78002B6BD0304BDB781BB21B02EC
:10F3F0001AB22E4B9B781BB213431AB22C4B1A80B5
:10F400002B4BB3F9003007EE903AB8EEE77A2B4B6E
:10F41000D3ED007A27EE277A7B68D3ED097A77EE71
:10F42000677A7B68C3ED037A204B5B791BB21B02C2
:10F430001AB21E4B1B791BB213431AB21C4B1A8013
:10F440001B4BB3F9003007EE903AB8EEE77A1B4B4E
:10F45000D3ED007A27EE277A7B68D3ED0A7A77EE30
:10F46000677A7B68C3ED047A104BDB791BB21B0211
:10F470001AB20E4B9B791BB213431AB20C4B1A8073
:10F480000B4BB3F9003007EE903AB8EEE77A0B4B2E
:10F49000D3ED007A27EE277A7B68D3ED0B7A77EEEF
:10F4A000677A7B68C3ED057A5BE000BF6C50002093
:10F4B00074500020A4000020AC000020A800002010
:10F4C000484BDB781BB21B021AB2464B9B781BB22F
:10F4D00013431AB2444B1A80434BB3F9003007EE82
:10F4E000903AB8EEE77A414BD3ED007A67EE277A8F
:10F4F0007B68C3ED037A3B4B5B791BB21B021AB2EC
:10F50000384B1B791BB213431AB2374B1A80364B58
:10F51000B3F9003007EE903AB8EEE77A334BD3ED0B
:10F52000007A67EE277A7B68C3ED047A2D4BDB798E
:10F530001BB21B021AB22B4B9B791BB213431AB29C
:10F54000294B1A80284BB3F9003007EE903AB8EEF9
:10F55000E77A264BD3ED007A67EE277A7B68C3ED16
:10F56000057A00F097F8A22000F0C4F802221D49A5
:10F57000222000F069F800F099F81A4B1B781BB2B2
:10F58000DB001AB2174B5B785B09DBB21BB213438B
:10F590001AB2154B1A80144BB3F90030B3F5806FD3
:10F5A00009DB114BB3F900309BB2A3F500639BB2AA
:10F5B0001AB20D4B1A800C4BB3F9003007EE903A9B
:10F5C000F8EEE77AB4EE007A67EE877AB3EE077A60
:10F5D00077EE877A7B68C3ED077A00BF0837BD46B0
:10F5E00080BD00BF6C50002074500020A800002097
:10F5F00080B582B000AF03460A46FB711346BB716B
:10F60000FB79184600F076F8BB79184600F072F8DE
:10F6100000BF0837BD4680BD80B582B000AF03464D
:10F620003960FB71FB7963F07F03DBB2184600F0B1
:10F6300061F8552000F05EF803461A463B681A70E0
:10F6400000BF0837BD4680BD80B582B000AF03461D
:10F650003960FB711346BB71FB7963F07F03DBB24A
:10F66000184600F047F80CE0552000F043F8034638
:10F670001A463B681A703B6801333B60BB79013B1B
:10F68000BB71BB79002BEFD100BF00BF0837BD466F
:10F6900080BD000080B500AF002210210248F3F7C2
:10F6A000B3FF00BF80BD00BF0000024080B500AFC7
:10F6B000012210210248F3F7A7FF00BF80BD00BF61
:10F6C0000000024080B500AF002201210248F3F79C
:10F6D0009BFF00BF80BD00BF0004024080B500AFAB
:10F6E000012201210248F3F78FFF00BF80BD00BF58
:10F6F0000004024080B586B002AF0346FB71084BA0
:10F70000186807F10F02F91D4FF47A730093012373
:10F71000F5F7E0F9FB7B18461037BD4680BD00BF0A
:10F720007850002080B52DED028B8EB000AF786050
:10F7300007F1240300221A605A609A604FF0000318
:10F74000BB614FF00003FB614FF07E533B6207F15A
:10F750000C0300221A605A609A60002387F8373041
:10F7600026E05848FFF7BEFD97ED097A554BD3EDDB
:10F77000007A77EE277AC7ED097A97ED0A7A514B2E
:10F78000D3ED017A77EE277AC7ED0A7A97ED0B7AF7
:10F790004C4BD3ED027A77EE277AC7ED0B7A9FEDCB
:10F7A0004A0AF9F7D7FD97F83730013387F8373031
:10F7B00097F83730632BD4D9002387F8363018E018
:10F7C00097F836309B0038333B44143B93ED007A76
:10F7D00097F83630DFED3D6AC7EE267A9B00383366
:10F7E0003B44143BC3ED007A97F83630013387F879
:10F7F000363097F83630022BE2D907F12403184649
:10F80000FEF7EEFE07F1180207F124031146184631
:10F81000FEF78CFFF0EE407AB0EE670A04F06EFF60
:10F8200087ED0C0A07F10C0207F1180107F1240318
:10F830001846FEF726FF07F10C031846FEF7D0FE28
:10F84000D7ED0C7AF0EE006A87EEA67AB0EE470AA2
:10F8500004F0CCFFF0EE407A7B68C3ED007A002321
:10F8600087F8353022E097F835309B0038333B4439
:10F870002C3B93ED008AD7ED0C7AF0EE006A87EE10
:10F88000A67AB0EE470A04F0FDFFF0EE407A97F852
:10F89000353001339B007A68134468EE277AC3ED54
:10F8A000007A97F83530013387F8353097F83530DE
:10F8B000012BD8D900BF00BF3837BD46BDEC028B45
:10F8C00080BD00BF345000206F12833A0000C84250
:10F8D00080B584B000AF284B93F87830002B04D16A
:10F8E000254B012283F8782001E0244B40E00121E0
:10F8F0002348FEF7ABFF0346002BF8D1214B4FF016
:10F900007E525A601F4B4FF07E529A601D4B4FF053
:10F910007E52DA601B4B4FF000021A61194B4FF018
:10F9200000025A61174B4FF000029A61154B0122F9
:10F930001A703B4600221A605A609A60DA603B46B1
:10F940001846FFF7EFFE3B469FED0F2AF7EE001A31
:10F950009FED0E1ADFED0E0AB2EE040A1846FDF70F
:10F96000D7FB054B0B4A9A620B48F9F793FB034B05
:10F9700018461037BD4680BD7C500020CC5000207A
:10F9800094430020F8500020000000000024744937
:10F990006F12833A96430B3C1451002090B589B006
:10F9A00000AF4FF000033B614FF000037B61714BF0
:10F9B000BB617148F9F76EFBF0EE407A6F4BC3ED17
:10F9C000007A6F4B93ED007A6C4BD3ED007A77EEB3
:10F9D000277A6B4BC3ED007A6A48FFF783FC694BCB
:10F9E0001B68694AD365674B5B68674A1366654B5A
:10F9F0009B68654A5366634BDB68634A1365614BDA
:10FA00001B69614A53655F4B5B695F4A93655F4A57
:10FA10005F49604800F024FB5B4BD3ED147A5A4BEE
:10FA200093ED157A584BD3ED166A574B93ED176A41
:10FA3000554BD3ED185A544B93ED195A4F4BD3ED08
:10FA4000004AB0EE643AF0EE452AB0EE652AF0EED8
:10FA5000461AB0EE661AF0EE470AB0EE670AFDF7F6
:10FA600001FC494A4C4B144603F5A8730FCB84E8BC
:10FA70000F00454A49494A4800F0A2F8424A49491C
:10FA8000494800F09DF8404A4849494800F098F834
:10FA9000391D07F110033C4A184600F0B9F900235C
:10FAA000FB7741E0FB7F384A16339B001344043355
:10FAB00093ED007AFB7F9B0020333B441C3BD3ED4E
:10FAC000007A37EE677A2D4BD3ED007A67EE276A1E
:10FAD0002D4B93ED0A7A294BD3ED007A77EE277AF6
:10FAE00086EEA77AFB7F284A04339B001344D3EDAC
:10FAF000006A254BD3ED0A7A26EEA76A224BD3ED96
:10FB00000A6A1E4BD3ED007A76EEA76AC6EE267A15
:10FB1000FB7F77EE277A1C4A04339B001344C3ED26
:10FB2000007AFB7F0133FB77FB7F022BBAD9164AA1
:10FB30002049214800F044F8174BD3F8A831124A65
:10FB40001367154BD3F8A4310F4AD366124BD3F881
:10FB5000A0310D4A9366104BD3F8AC310A4A536773
:10FB6000164B1B685A1C15490A6000BF2437BD4656
:10FB700090BD00BFC3F51C41145100201851002056
:10FB80001C510020345000207C500020D850002010
:10FB9000CC500020F8500020684D0020A8500020D4
:10FBA0008C7B0108B4500020987B0108C0500020D5
:10FBB000A47B0108985000208C5000202051002088
:10FBC00080B485B000AFF860B9607A607B680833B4
:10FBD00093ED007A7B680833D3ED007A67EE277ADD
:10FBE000B6EE007A37EE677A7B680C33D3ED006AA5
:10FBF0007B680C33D3ED007A66EEA77A37EE677A2E
:10FC0000FB68D3ED007A27EE277A7B680433D3EDC7
:10FC1000006A7B680833D3ED007A66EEA76A7B68DA
:10FC200093ED006A7B680C33D3ED007A66EE277A99
:10FC300076EEE76AFB680433D3ED007A66EEA77AC6
:10FC400037EE277A7B680433D3ED006A7B680C3388
:10FC5000D3ED007A66EEA76A7B6893ED006A7B6855
:10FC60000833D3ED007A66EE277A76EEA76AFB6852
:10FC70000833D3ED007A66EEA77A77EE277A77EE2F
:10FC8000A77ABB68C3ED007A7B68043393ED007AF2
:10FC90007B680833D3ED007A27EE277A7B68D3EDB3
:10FCA000006A7B680C33D3ED007A66EEA77A37EEF4
:10FCB000277AFB68D3ED007A27EE277A7B68043336
:10FCC000D3ED006A7B680433D3ED007A66EEA77A41
:10FCD000F6EE006A76EEE76A7B680C3393ED006A15
:10FCE0007B680C33D3ED007A66EE277A76EEE76A0E
:10FCF000FB680433D3ED007A66EEA77A37EE277AF5
:10FD00007B680833D3ED006A7B680C33D3ED007A4F
:10FD100066EEA76A7B6893ED006A7B680433D3EDD7
:10FD2000007A66EE277A76EEE76AFB680833D3ED51
:10FD3000007A66EEA77A77EE277ABB68043377EE0F
:10FD4000A77AC3ED007A7B68043393ED007A7B6871
:10FD50000C33D3ED007A27EE277A7B68D3ED006A67
:10FD60007B680833D3ED007A66EEA77A37EE677AC0
:10FD7000FB68D3ED007A27EE277A7B680833D3ED52
:10FD8000006A7B680C33D3ED007A66EEA76A7B6865
:10FD900093ED006A7B680433D3ED007A66EE277A30
:10FDA00076EEA76AFB680433D3ED007A66EEA77A95
:10FDB00037EE277A7B680433D3ED006A7B6804331F
:10FDC000D3ED007A66EEA77AF6EE006A76EEE76A81
:10FDD0007B68083393ED006A7B680833D3ED007AC3
:10FDE00066EE277A76EEE76AFB680833D3ED007A91
:10FDF00066EEA77A77EE277ABB68083377EEA77AA4
:10FE0000C3ED007A00BF1437BD465DF8047B704730
:10FE100080B485B000AFF860B9607A607B68083361
:10FE200093ED007A7B680833D3ED007A67EE277A8A
:10FE3000B6EE007A37EE677A7B680C33D3ED006A52
:10FE40007B680C33D3ED007A66EEA77A37EE677ADB
:10FE5000FB68D3ED007A27EE277A7B680433D3ED75
:10FE6000006A7B680833D3ED007A66EEA76A7B6888
:10FE700093ED006A7B680C33D3ED007A66EE277A47
:10FE800076EEA76AFB680433D3ED007A66EEA77AB4
:10FE900037EE277A7B680433D3ED006A7B680C3336
:10FEA000D3ED007A66EEA76A7B6893ED006A7B6803
:10FEB0000833D3ED007A66EE277A76EEE76AFB68C0
:10FEC0000833D3ED007A66EEA77A77EE277A77EEDD
:10FED000A77ABB68C3ED007A7B68043393ED007AA0
:10FEE0007B680833D3ED007A27EE277A7B68D3ED61
:10FEF000006A7B680C33D3ED007A66EEA77A37EEA2
:10FF0000677AFB68D3ED007A27EE277A7B680433A3
:10FF1000D3ED006A7B680433D3ED007A66EEA77AEE
:10FF2000F6EE006A76EEE76A7B680C3393ED006AC2
:10FF30007B680C33D3ED007A66EE277A76EEE76ABB
:10FF4000FB680433D3ED007A66EEA77A37EE277AA2
:10FF50007B680833D3ED006A7B680C33D3ED007AFD
:10FF600066EEA76A7B6893ED006A7B680433D3ED85
:10FF7000007A66EE277A76EEA76AFB680833D3ED3F
:10FF8000007A66EEA77A77EE277ABB68043377EEBD
:10FF9000A77AC3ED007A7B68043393ED007A7B681F
:10FFA0000C33D3ED007A27EE277A7B68D3ED006A15
:10FFB0007B680833D3ED007A66EEA77A37EE277AAE
:10FFC000FB68D3ED007A27EE277A7B680833D3ED00
:10FFD000006A7B680C33D3ED007A66EEA76A7B6813
:10FFE00093ED006A7B680433D3ED007A66EE277ADE
:10FFF00076EEE76AFB680433D3ED007A66EEA77A03
:020000040801F1
:1000000037EE277A7B680433D3ED006A7B680433CC
:10001000D3ED007A66EEA77AF6EE006A76EEE76A2E
:100020007B68083393ED006A7B680833D3ED007A70
:1000300066EE277A76EEE76AFB680833D3ED007A3E
:1000400066EEA77A77EE277ABB68083377EEA77A51
:10005000C3ED007A00BF1437BD465DF8047B7047DE
:1000600080B592B000AFF860B9607A60FB6893ED3C
:10007000047AC24BD3ED007A77EE677AF0EEE77A36
:100080009FEDBF7AF4EEC77AF1EE10FA26DCFB683A
:1000900093ED057ABB4BD3ED007A77EE677AF0EEFD
:1000A000E77A9FEDB77AF4EEC77AF1EE10FA15DC35
:1000B000FB6893ED067AB44BD3ED007A77EE677A5E
:1000C000F0EEE77A9FEDAE7AF4EEC77AF1EE10FA31
:1000D00004DCFB681B78002B00F0D080FB68D3EDBC
:1000E000047ADFEDAA6A87EEA67AB0EE470A04F03A
:1000F000BBFA87ED100AFB68D3ED057ADFEDA36A42
:1001000087EEA67AB0EE470A04F0AEFA87ED0F0A42
:10011000FB68D3ED067ADFED9D6A87EEA67AB0EE36
:10012000470A04F0A1FA87ED0E0AFB68D3ED047AC2
:10013000DFED966A87EEA67AB0EE470A04F04EFA33
:1001400087ED0D0AFB68D3ED057ADFED906A87EE47
:10015000A67AB0EE470A04F041FA87ED0C0AFB6874
:10016000D3ED067ADFED896A87EEA67AB0EE470A0C
:1001700004F034FA87ED0B0A97ED107AD7ED0E7A7A
:1001800027EE277AD7ED0D6AD7ED0C7A66EEA76ACF
:10019000D7ED0B7A66EEA77A77EE277A7C4BC3ED24
:1001A000007A97ED0F7AD7ED0D7A67EE277A794BC3
:1001B000C3ED007A97ED107AD7ED0B7A27EE277A08
:1001C000D7ED0E6AD7ED0D7A66EEA76AD7ED0C7AF9
:1001D00066EEA77A77EE677A6F4BC3ED007A97EDFC
:1001E000107AD7ED0C7A27EE277AD7ED0B7A27EE27
:1001F000277AD7ED0E6AD7ED0D7A66EEA77A77EEFD
:10020000677A664BC3ED007A97ED107AD7ED0F7AD7
:1002100067EE277A624BC3ED007AD7ED0D7AB1EE27
:10022000677AD7ED0B7A27EE277AD7ED106AD7EDEC
:100230000E7A66EEA76AD7ED0C7A66EEA77A77EEAD
:10024000677A584BC3ED007AD7ED0F7AB1EE677A33
:10025000D7ED0B7A67EE277A534BC3ED007A534AFA
:100260003B6B136097ED0F7AD7ED0E7A67EE277A26
:100270004F4BC3ED007AFB6800221A70002387F809
:1002800047301DE097F847309B00BA68134493ED60
:10029000007A97F84730FA689B0013440433D3ED93
:1002A000007A97F8473067EE277A9B0048333B4443
:1002B000283BC3ED007A97F84730013387F8473081
:1002C00097F84730022BDDD997ED087A304BD3ED04
:1002D000007A27EE277AD7ED096A2E4BD3ED007A04
:1002E00066EEA77A37EE277AD7ED0A6A2A4BD3ED66
:1002F000007A66EEA77A77EE277ABB68C3ED007ABC
:1003000097ED087A254BD3ED007A27EE277AD7EDC3
:10031000096A234BD3ED007A66EEA77A37EE277A87
:10032000D7ED0A6A1F4BD3ED007A66EEA77ABB6859
:10033000043377EE277AC3ED007A97ED087A1A4BEB
:10034000D3ED007A27EE277AD7ED096A174BD3ED64
:10035000007A66EEA77A37EE277AD7ED0A6A144B51
:10036000D3ED007A66EEA77ABB68083377EE277A7A
:10037000C3ED007A002387F846302DE02451002099
:100380006F12833A285100202C510020E12E654243
:100390003051002034510020385100203C510020C1
:1003A0004051002044510020485100204C51002071
:1003B0005051002097F846309B007A681A4497F80D
:1003C000463012689B0048333B44343B1A6097F830
:1003D0004630013387F8463097F84630022BE9D98A
:1003E00097ED057A314BD3ED007A27EE277AD7EDDA
:1003F000066A2F4BD3ED007A66EEA77A37EE277A9E
:10040000D7ED076A2B4BD3ED007A66EEA77A77EE2D
:10041000277A7B68C3ED007A97ED057A264BD3EDFA
:10042000007A27EE277AD7ED066A244BD3ED007ABF
:1004300066EEA77A37EE277AD7ED076A204BD3ED21
:10044000007A66EEA77A7B68043377EE277AC3EDED
:10045000007A97ED057A1B4BD3ED007A27EE277AC9
:10046000D7ED066A184BD3ED007A66EEA77A37EE21
:10047000277AD7ED076A154BD3ED007A66EEA77A97
:100480007B68083377EE277AC3ED007AFB681B6937
:100490000F4A1360FB685B690E4A1360FB689B6937
:1004A0000D4A136000BF4837BD4680BD3051002063
:1004B00034510020385100203C5100204051002090
:1004C00044510020485100204C5100205051002040
:1004D00024510020285100202C51002080B5A4B0C8
:1004E00000AF78600B467B807B681B78242B40F044
:1004F000CB817B88013B7A6813441B78232B40F027
:10050000C3817A8807F108037968184605F03BFE35
:100510007B8890333B44002203F8882C07F10803C2
:100520000133C249184605F047FDC7F88C00D7F8DB
:100530008C30002B00F0AA81BC49002005F03CFD66
:10054000C7F88C00D7F88C30002B00F0A181D7F8C9
:100550008C0005F05DFA034687F88B30B44A97F8B3
:100560008B30137097F88B30013B0C2B00F292818B
:1005700001A252F823F000BFAD05010841060108B1
:10058000F506010895080108950801089508010875
:1005900095080108950801089508010895080108C3
:1005A00095080108AF070108670801089F49002066
:1005B00005F002FDC7F88C00D7F88C30002B07D06F
:1005C000D7F88C0005F024FA03461AB2984B5A80EB
:1005D0009649002005F0F0FCC7F88C00D7F88C3065
:1005E000002B07D0D7F88C0005F012FA03461AB298
:1005F0008F4B9A808D49002005F0DEFCC7F88C00F7
:10060000D7F88C30002B07D0D7F88C0005F000FA13
:1006100003461AB2864BDA808449002005F0CCFCF0
:10062000C7F88C00D7F88C30002B00F03581D7F854
:100630008C0005F0EDF903461AB27D4B1A812BE1CF
:100640007A49002005F0B8FCC7F88C00D7F88C3048
:10065000002B07D0D7F88C0005F0DAF903461AB260
:10066000734B5A817149002005F0A6FCC7F88C0035
:10067000D7F88C30002B07D0D7F88C0005F0C8F9DC
:1006800003461AB26A4B9A816849002005F094FC2F
:10069000C7F88C00D7F88C30002B07D0D7F88C0027
:1006A00005F0B6F903461AB2614BDA815F490020C2
:1006B00005F082FCC7F88C00D7F88C30002B07D0EF
:1006C000D7F88C0005F0A4F903461AB2584B1A82E9
:1006D0005649002005F070FCC7F88C00D7F88C3024
:1006E000002B00F0DB803F22D7F88C10514805F03A
:1006F00043FCD3E04D49002005F05EFCC7F88C00B8
:10070000D7F88C30002B08D0D7F88C0005F080F992
:1007100003461AB2464BA3F852204449002005F084
:100720004BFCC7F88C00D7F88C30002B08D0D7F8DA
:100730008C0005F06DF903461AB23D4BA3F8542026
:100740003A49002005F038FCC7F88C00D7F88C3007
:10075000002B08D0D7F88C0005F05AF903461AB2DE
:10076000334BA3F856203149002005F025FCC7F88B
:100770008C00D7F88C30002B08D0D7F88C0005F00F
:1007800047F903461AB22A4BA3F8582027490020FC
:1007900005F012FCC7F88C00D7F88C30002B7FD006
:1007A0003F22D7F88C10244805F0E6FB78E01F497B
:1007B000002005F001FCC7F88C00D7F88C30002B26
:1007C00070D01E49D7F88C00F0F786FB0346002B4B
:1007D00004D1174B012283F89A2063E01849D7F817
:1007E0008C00F0F779FB0346002B04D1104B02225A
:1007F00083F89A2056E01349D7F88C00F0F76CFB89
:100800000346002B04D10A4B032283F89A2049E0C7
:100810000D49D7F88C00F0F75FFB0346002B15D18C
:10082000034B042283F89A203CE000BF046D0108CA
:100830005451002066510020AE510020086D01087F
:100840000C6D0108146D01081C6D01081849D7F8DA
:100850008C00F0F741FB0346002B23D1154B0522FA
:1008600083F89A201EE01449002005F0A5FBC7F884
:100870008C00D7F88C30002B16D07F22D7F88C1044
:100880000E4805F079FB0FE000BF0EE000BF0CE062
:1008900000BF0AE000BF08E000BF06E000BF04E0C0
:1008A00000BF02E000BF00E000BF9037BD4680BD42
:1008B000246D010854510020046D0108EF510020FF
:1008C00080B586B000AF00224FF480511A48F2F78D
:1008D0009BFE1A4B1B687B61184B1B6893F8003119
:1008E0007B827B8A042B23D97B8A1A462421786950
:1008F000F0F7FEFAF8607B8A1A4623217869F0F750
:10090000F7FAB860FB68002B13D0BB68002B10D03F
:10091000BA68FB689A420CD9BA68FB68D31A9BB2D2
:100920000133FB80FB881946F868FFF7D7FD00E02C
:1009300000BF1837BD4680BD001C02407452002025
:1009400080B586B000AF786080233B737B683B61E5
:10095000084B7B6107F10C031846F8F701FF0346CB
:10096000054A1360054B01221A70054B18461837CB
:10097000BD4680BDC108010874520020705200209D
:100980005451002080B582B000AF786039601C22DD
:100990000021786805F0D9FA08223968786805F0EE
:1009A000F2FB00BF0837BD4680BD000080B582B0B5
:1009B00000AF78607B68DA797B681A727B685A7A54
:1009C0007B689A727B680022DA717B6800225A7217
:1009D0007B680022DA727B681A687B689B881946FC
:1009E0001046F2F7F9FD03461A467B681A767B68D3
:1009F0001A687B689B8819461046F2F7EDFD03469E
:100A00001A467B689B799A423ED17B68D3ED047A83
:100A1000B7EE007A77EE877A7B68C3ED047A7B685D
:100A2000D3ED047AB0EE007AF4EEC77AF1EE10FA64
:100A30001BDB7B68D3ED057AB0EE007AF4EEC77A63
:100A4000F1EE10FA11DB7B68D3ED057AB2EE047A91
:100A5000F4EEC77AF1EE10FA03D87B680122DA725D
:100A600003E07B684FF000025A617B68D3ED047AA3
:100A7000B0EE007AF4EEC77AF1EE10FA00DA71E027
:100A80007B6801221A736DE07B68D3ED057AB7EEBF
:100A9000007A77EE877A7B68C3ED057A7B68D3EDC1
:100AA000047AB0EE007AF4EEC77AF1EE10FA48DB81
:100AB0007B68D3ED057AB0EE007AF4EEC77AF1EEFA
:100AC00010FA3EDB7B68D3ED047AB2EE047AF4EEE2
:100AD000C77AF1EE10FA15DB7B68D3ED057AB2EE3A
:100AE000047AF4EEC77AF1EE10FA0BDD7B68DB7A5C
:100AF000002B07D17B680122DA717B684FF000027E
:100B00001A611EE07B68D3ED047AB2EE047AF4EE4B
:100B1000C77AF1EE10FA14D57B68D3ED057AB2EE00
:100B2000047AF4EEC77AF1EE10FA0ADD7B68DB7A1C
:100B3000002B06D17B6801225A727B684FF00002BD
:100B40001A617B6800221A737B68D3ED057A9FEDEA
:100B5000077AF4EEC77AF1EE10FA00DC02E07B6867
:100B6000034A5A6100BF0837BD4680BD00007A4481
:100B70000000C84280B582B000AF7860212178685B
:100B800005F00DFA03461F2B01D900BFFDE700BF9A
:100B90000837BD4680BD80B483B000AF03460A4627
:100BA000FB711346BB71FA79BB799A4201D000BF41
:100BB000FDE700BF0C37BD465DF8047B70470000C1
:100BC00080B584B000AF78600B46FB707868FFF7A3
:100BD000D1FF214BFB6018E0FB689B6AFB60FB6860
:100BE00079681846F0F778F90346002B0DD1FB68B9
:100BF00093F82120FB7811461846FFF7CCFFFB68DD
:100C0000012283F82C20FB6822E0FB689B6A002B02
:100C1000E2D1302004F018FF03461A46FB689A62BE
:100C2000FB689B6A30220021184605F08EF9FB68AC
:100C30009B6AFA7883F82120FB689B6A79681846DA
:100C400005F099FAFB68012283F82C20FB689B6A67
:100C500018461037BD4680BDD800002080B586B04C
:100C600000AF78600B46FB70FB7819467868FFF799
:100C7000A7FFF8600C2004F0E7FE0346BB600C22DF
:100C80000021B86805F061F9BB68FA781A71002391
:100C90007B610CE0FB78184604F0D6FE034619464B
:100CA000BB687A6943F822107B6901337B617B69F9
:100CB000002BEFD0FB685B6A002B04D1FB68BA689D
:100CC0005A62BB680EE0FB685B6A3B6102E03B690D
:100CD0009B683B613B699B68002BF8D13B69BA6814
:100CE0009A60BB6818461837BD4680BD80B582B093
:100CF00000AF786039607B68DB79002B01D100237D
:100D00001BE07B685B791A467B6853F822107B688E
:100D10001B791A46386805F036FA7B685B7901332F
:100D2000DAB27B685A717B6800225A717B68DB7982
:100D3000013BDAB27B68DA71012318460837BD46F9
:100D400080BD000080B582B000AF786039607B68FC
:100D50005B6A1C4A13602BE01A4B1B68DB79012B82
:100D600009D1184B1B6800225A71164B1B68DA799F
:100D7000013AD2B2DA71134B1B68124A12689279A7
:100D800053F822007B6893F821301A46396805F041
:100D9000FAF90C4B1B6800229A710A4B1B68DA792E
:100DA0000132D2B2DA71074B1B689B68054A1360A7
:100DB000044B1B68002BCFD1012318460837BD46D2
:100DC00080BD00BF7852002080B500AF00F094FADB
:100DD00000BF80BD80B489B000AF786039603B68E7
:100DE0005B68DBB2013BFB743B681B685F4A934264
:100DF00002D100237B7709E03B681B685C4A934281
:100E000002D103237B7701E006237B777B6893F88D
:100E1000BE31012B54D0002B40F3A180023B012BAB
:100E200000F29D80FB7C032B05D8FB7CFB777B7F4E
:100E30000133BB7704E0FB7C043BFB777B7FBB7714
:100E4000FB7C03F201231A463B689A60BB7F494A48
:100E50000121D1547B68FA7F83F8BD217B68BA7F7A
:100E600083F8BC210023BB6123E0434ABB6952F8ED
:100E70002330D3F8B8311A683B681B689A4215D101
:100E80003D4ABB6952F82330D3F8B8315A6B3B68FE
:100E90009B689A420AD13B681B68344A934201D14D
:100EA000012300E002233B8200BFFDE7BB69013361
:100EB000BB61324B1B781A46BB699342D5D34FE0D6
:100EC000FB7C032B04D8FB7CFB777B7FBB7705E0A7
:100ED000FB7C043BFB777B7F0233BB77FB7C03F21D
:100EE00005231A463B689A60BB7F224A0121D154F0
:100EF0007B68FA7F83F8BD217B68BA7F83F8BC21C9
:100F000000237B6123E01C4A7B6952F82330D3F82D
:100F1000B8311A683B681B689A4215D1164A7B693A
:100F200052F82330D3F8B8315A6B3B689B689A4229
:100F30000AD13B681B680D4A934201D1012300E0AE
:100F40000223FB8100BFFDE77B6901337B610B4B13
:100F50001B781A467B699342D5D301E0FFE7FDE792
:100F600000BF2437BD465DF8047B7047EC4200208B
:100F700014430020B0520020805200207C520020F8
:100F800080B586B000AF78607B682C337B617B686E
:100F9000D3F83D303B613B69FB603B69D3F8C0311E
:100FA0001846F7F7C5FF3B6903F5E2731846F8F7F3
:100FB00071F8F0EE407A3B69C3ED727AFB685A88AB
:100FC000FB681A807B691B781BB21B021AB27B6913
:100FD00001331B781BB213431BB29AB2FB685A80D1
:100FE000FB685B8807EE903AF8EE677A9FED427AED
:100FF00067EE877AFB68C3ED017AFB68D3ED027A6E
:101000009FED3E7A27EE877A7B6902331B781BB20D
:101010001B021AB27B6903331B781BB213431BB24A
:1010200007EE903AF8EEE77ADFED356A67EEA67ADA
:1010300077EE277AFB68C3ED027AFB68B3F90C30D0
:1010400007EE903AF8EEE77A9FED2E7A27EE877A50
:101050007B6904331B781BB21B021AB27B69053310
:101060001B781BB213431BB207EE903AF8EEE77AF7
:10107000DFED256A67EEA67A77EE277AFDEEE77A4E
:1010800017EE903A1AB2FB689A817B699A79FB68ED
:101090009A73FB685B881A46FB681B88D31AB3F502
:1010A000805F05DDFB685B695A1EFB685A610DE0D5
:1010B000FB685B881A46FB681B88D31A13F5805FB0
:1010C00004DAFB685B695A1CFB685A61FB685B6960
:1010D0004FF4B47202FB03F307EE903AB8EEE77AEE
:1010E000FB68D3ED017A77EE277AFB68C3ED047ACB
:1010F00000BF1837BD4680BDACFF333D9899193EFF
:101100003433A340D0CCCC3D6666663F80B485B016
:1011100000AF78607B68FB60FB68D3F8B8311B6870
:10112000064A934201D1012300E002237B8100BFE4
:101130001437BD465DF8047B704700BFEC420020C9
:1011400080B586B000AF78604FF4E87004F07CFCA6
:1011500003467B614FF4E8720021786904F0F5FEE4
:101160007B6893F8A7207B6983F8BE217B697A6846
:101170001833A03292E80300186004331980023358
:101180000A0C1A707B6903F130027B681033194630
:101190001046FAF751FE7B6903F1B0027B684033D9
:1011A00019461046FAF748FE7B6903F598727B688A
:1011B000703319461046FAF73FFE7B681A687B6960
:1011C0001A627B685A687B695A627B68DA687B6955
:1011D000DA627B689A687B699A627B68A8331946F1
:1011E0007869FFF7F7FD7B681B4AC3F8B4207B687A
:1011F0007A69C3F8B8207B68A8331846F8F736F93F
:1012000002467B69C3F8B82107F1080300221A607F
:101210005A609A6002233B81104BFB607B693B6103
:1012200007F108031846F7F741FE02467B69C3F849
:10123000C021786900F041F8094B1B785A1CD1B2E3
:10124000074A11701946074A7B6942F821307B69C9
:1012500018461837BD4680BD810F01080D110108E1
:101260007C5200208052002080B483B000AF7860B0
:101270000B46FB701346BB70FB78042B03D17B68D5
:10128000BA781A7705E0FB78022B02D17B68BA782E
:101290005A7700BF0C37BD465DF8047B704780B4B9
:1012A00083B000AF78607B68002283F8BF2100BF65
:1012B0000C37BD465DF8047B704780B483B000AF47
:1012C00078607B68012283F8BF2100BF0C37BD46E0
:1012D0005DF8047B704780B483B000AF786087ED21
:1012E000000A7B683A68C3F8B02100BF0C37BD46DE
:1012F0005DF8047B7047000090B58BB000AF002311
:10130000FB61E9E0874AFB6952F823307B617B6926
:1013100018333B617B692033FB607B69BB60FB68F2
:10132000D3F890313B623B699B78012B05D1D7ED17
:10133000087AF1EE677AC7ED087A3B695B7803F0CB
:101340000403002B1BD03B691B78042B17D13B698E
:101350001B79012B04D1FB681B681B687B6202E0D0
:10136000BB681B697B62FB6803F58873D7ED080ACD
:1013700097ED090A1846FAF777FD87ED080A3B69E9
:101380005B7803F00203002B2CD03B691B7803F041
:101390000603002B26D03B699B7903F00203002B48
:1013A00009D0FB689B68D3ED007A97ED087A77EE59
:1013B000277AC7ED087A3B695B79012B04D1FB687A
:1013C0005B681B687B6202E0BB689B687B62FB68B2
:1013D0009033D7ED080A97ED090A1846FAF744FD4D
:1013E00087ED080A3B699B7903F00103002B09D0C4
:1013F000FB68DB68D3ED007A97ED087A77EE277A01
:10140000C7ED087A3B695B7803F00103002B12D02B
:10141000FB6803F11002BB68B3F90C3007EE903A99
:10142000F8EEE77AD7ED080AB0EE670A1046FAF749
:101430001BFD87ED080A3B69DB78012B05D1D7ED51
:10144000087AF1EE677AC7ED087AD7ED087AFDEEF3
:10145000E77A17EE903AFB807B6993F8BC317B7199
:101460007B6993F8BD313B71B7F906301B1218B296
:101470007A793B795900C4B22B4813469B01134437
:1014800003440B44243322461A707A793B795B007B
:10149000591CFB88DCB2244813469B0113440344C7
:1014A0000B44243322461A707B6993F8BF31002B1A
:1014B0000FD17A7913469B01134420331A4A1344FF
:1014C00004333A795200134402220021184604F0F2
:1014D0003CFDFB690133FB61144B1B781A46FB6929
:1014E0009342FFF40FAF0023BB6113E0104ABB69C6
:1014F00013441B78002B0AD0BA6913469B0113448E
:10150000094A1344B7EE000A1846F8F737F8BB69E2
:101510000133BB61BB69052BE8D900BF00BF2C3785
:10152000BD4690BD80520020080100207C52002062
:10153000B052002080B58CB000AF78607B687B62D1
:101540007B6A20333B627B6AFB617B6AD3F8BC30E9
:10155000BB623B6A9B78012B05D1D7ED0A7AF1EE8D
:10156000677AC7ED0A7A3B6A5B7803F00403002BC5
:101570001BD03B6A1B78042B17D13B6A1B79012BCC
:1015800005D17B6AD3F8A8301B68FB6202E0FB69D7
:10159000DB68FB627B6A2833D7ED0A0A97ED0B0AFA
:1015A0001846FAF761FC87ED0A0A3B6ADB78012BE3
:1015B00005D1D7ED0A7AF1EE677AC7ED0A7AD7ED51
:1015C0000A7AFDEEE77A17EE903A1BB207EE903AF0
:1015D000F8EEE77AC7ED067A7B6A93F8BA30032B08
:1015E00000F09C80032B00F3E380002B02D0012B42
:1015F0004AD0DDE07B6A0322A3F8B6207B6A012291
:10160000A3F8B8207B6A002283F820207B6A00229E
:1016100083F82120D7ED067ABAEE097AF4EEC77A7C
:10162000F1EE10FA01D8B24B0BE0D7ED067AB2EE2C
:10163000097AF4EEC77AF1EE10FA01DBAD4B00E067
:10164000BB69BB611020B2EE091AFAEE090A97EDE8
:10165000060AF8F785F90346BB810C209FEDA61A10
:10166000DFEDA60A9FEDA60AF8F77AF90346FB819B
:101670000C20B3EE021AFBEE020A9FEDA10AF8F766
:101680006FF903463B82CDE07B6A0322A3F8B620C4
:101690007B6A0122A3F8B8207B6A002283F820200D
:1016A0007B6A002283F82120D7ED067ABAEE097A08
:1016B000F4EEC77AF1EE10FA01D88D4B0BE0D7EDBE
:1016C000067AB2EE097AF4EEC77AF1EE10FA01DB8F
:1016D000884B00E0BB69BB611020B2EE091AFAEE3C
:1016E000090A97ED060AF8F73BF90346BB810C207F
:1016F0009FED811ADFED810A9FED810AF8F730F93D
:101700000346FB810C20B3EE021AFBEE020A9FEDAA
:101710007C0AF8F725F903463B8283E07B6A0022C6
:10172000A3F8B6207B6A0122A3F8B8207B6A0422C2
:1017300083F820207B6A042283F82120D7ED067AE3
:101740009FED6E7AF4EEC77AF1EE10FA01D86D4B88
:101750000BE0D7ED067A9FED687AF4EEC77AF1EEEA
:1017600010FA01DB684B00E0BB69BB611020B2EEF0
:10177000091AFAEE090A97ED060AF8F7F1F8034696
:10178000BB810C209FED5C1ADFED5C0A9FED5C0ACB
:10179000F8F7E6F80346FB810C20B3EE021AFBEEE5
:1017A000020A9FED570AF8F7DBF803463B8239E05F
:1017B000D7ED067A9FED517AF4EEC77AF1EE10FA82
:1017C00001D8504B0BE0D7ED067A9FED4B7AF4EE43
:1017D000C77AF1EE10FA01DB4B4B00E0BB69BB614D
:1017E0001020B2EE091AFAEE090A9FED450AF8F741
:1017F000B7F80346BB810C209FED3F1ADFED3F0A8F
:101800009FED3F0AF8F7ACF80346FB810C20B3EEDE
:10181000021AFBEE020A97ED060AF8F7A1F8034652
:101820003B8200BF7B6A93F8C030002B03D10023BA
:101830007B820023BB82BB891B0A9AB27B6AD3F8E6
:10184000C430D2B283F82420BA897B6AD3F8C4307A
:10185000D2B283F82520FB891B099AB27B6AD3F8A0
:10186000C430D2B283F82620FB895BB21B015AB286
:101870007B8A1B0A9BB25BB213435AB27B6AD3F8D2
:10188000C430D2B283F827207A8A7B6AD3F8C43076
:10189000D2B283F82820BB8A1B099AB27B6AD3F89C
:1018A000C430D2B283F82920BB8A5BB21B015AB282
:1018B0003B8A1B0A9BB25BB213435AB27B6AD3F8D2
:1018C000C430D2B283F82A203A8A7B6AD3F8C43073
:1018D000D2B283F82B207B6AD3F8C430B7EE000A6B
:1018E0001846F7F74BFE0220F5F731FC2DE600BF56
:1018F000000048C10000484100003442000034C2EA
:1019000000000000000034C200003442B0B58CB0CA
:1019100000AF46F664537B62002387F828301E4BE5
:101920001B78002B34D00023FB622AE000233B8489
:10193000FB6A07F120010A22184604F06DF807F14E
:10194000200207F124031146184604F006FB134B4E
:101950003C1D1D460FCD0FC495E8070084E8070025
:101960000F4AFB6A52F823203B1D11461846F5F733
:10197000A2FB02460B49FB6A41F82320FB6A0133B4
:10198000FB62054B1B781A46FB6A9342CED300E0FC
:1019900000BF3037BD46B0BDB95200203C6D0108D4
:1019A000BC520020CC520020B0B592B002AF78609B
:1019B0009A4B1B780133DAB2984B1A70974B1A780E
:1019C000974BA3FB021319090B469B000B449B008A
:1019D000D31ADAB2914B1A70F8F74AF9914B1A6898
:1019E000062304210A20F8F793FA7B681A68062375
:1019F00004213C20F8F78CFA7B68D3F84831002B9F
:101A000003D07B68D3F8483198471423FB622C231A
:101A1000BB627B68BA6AC3F858210023FB630023CA
:101A2000BB6314E0BB6B5B017A6813440433FB6057
:101A3000FB689A68FB681B691344BB60BA68FB6B60
:101A40009A4201DDBB68FB63BB6B0133BB637B6800
:101A500093F844311A46BB6B9342E3DB7B68FA6B25
:101A6000C3F854217B68D3F850217B68D3F8541114
:101A7000BB6ACB1A9A4207DD7B68D3F85421BB6A54
:101A8000D21A7B68C3F850217B68D3F85031002B01
:101A900003DA7B680022C3F8502100237B6371E0E6
:101AA0007B6B5B017A6813440433FB61FB699A68C2
:101AB0007B68D3F85031D31ABB61FB691A69BB69E3
:101AC0001344FA6A9A425ADAFA6ABB6A1344BA6948
:101AD0009A4254DAFB695B6818B2BB6919B2FB69B8
:101AE000DB68DAB2FB691B69DBB200240094F8F70B
:101AF000CEFEFB691B7D002B1AD0484B1B78092BAF
:101B000016D8FB695B689BB201339BB218B2BB6904
:101B10009BB201339BB219B2FB69DB68DBB2023BBB
:101B2000DAB2FB691B69DBB2023BDBB2F8F73EF9C4
:101B3000FB695B681C46FB69DB681D46FB691B682B
:101B40001846EFF725FA024613465B0013445B0084
:101B5000EB1A5B0823447B61FB691B69083BDA0FC6
:101B600013445B101A46BB6913443B617B6918B28E
:101B70003B6919B2FB691A680623F8F7C9F97B6B50
:101B800001337B637B6893F844311A467B6B934245
:101B900086DB7B68D3F85431BA6A9A423ADA7C23FE
:101BA0007B627B6A18B2FB6A19B2BB6ADBB20022A5
:101BB00000920422F8F76BFEBB6A03FB03F27B681A
:101BC000D3F8543192FBF3F33B633B6B072B01DCFF
:101BD00008233B63BA6A3B6BD31A7A68D2F8502168
:101BE00003FB02F27B68D3F85411BB6ACB1A92FB59
:101BF000F3F3FA6A13443B627B6A9BB201339BB2F4
:101C000018B23B6A19B23B6BDBB20122009202228E
:101C1000F8F73DFE00BF4037BD46B0BDE45200209E
:101C2000CDCCCCCCDC52002080B489B000AF786041
:101C300039601423FB617B68D3F85831FA69134487
:101C4000BB613B689B687B613B689A683B681B692A
:101C500013443B617B68D3F85021FB6913447A69D4
:101C60009A4206DA7A69FB69D21A7B68C3F8502176
:101C70000DE07B68D3F85021BB6913443A699A425E
:101C800005DD3A69BB69D21A7B68C3F850217B68CD
:101C9000D3F85031002B03DA7B680022C3F85021BF
:101CA0007B68D3F854217B68D3F85831D31AFB6092
:101CB0007B68D3F85031FA689A4203DA7B68FA6895
:101CC000C3F8502100BF2437BD465DF8047B704740
:101CD00080B584B000AF03460A46FB711346BB7162
:101CE000FB79002B69D0012B40F0AC800023FB6016
:101CF00050E0564B5A68FB685B01134418331B785D
:101D0000002B44D0FB68002B23D1504B5A68FB6852
:101D10005B011344183300221A704C4B5A684B4B2A
:101D20005B6893F84431013B5B0113441833012293
:101D30001A70464B5868454B5A68444B5B6893F899
:101D40004431013B5B01134404331946FFF76CFF38
:101D500078E03E4B5A68FB685B011344183300225D
:101D60001A703A4B5A68FB68013B5B011344183305
:101D700001221A70354B5868344B5A68FB68013B96
:101D80005B01134404331946FFF74EFF5AE0FB682A
:101D90000133FB602D4B5B6893F844311A46FB68B6
:101DA0009342A6DB294B5B6893F84431002B46D065
:101DB000264B5B6801221A7641E00023BB6019E0E4
:101DC000224B5A68BB685B01134418331B78002B05
:101DD0000DD01E4B5A68BB685B0113441933BA79A6
:101DE0001A701A4B5B68184600F032F82AE0BB689C
:101DF0000133BB60154B5B6893F844311A46BB68EE
:101E00009342DDDB114B5B6893F84431002B18D013
:101E10000E4B5B6801221A760C4B5B68BA795A76D6
:101E20000A4B5A68094B5B68043319461046FFF7A2
:101E3000FBFE064B5B68184600F00AF801E000BFA5
:101E400000E000BF1037BD4680BD00BFDC5200205F
:101E500080B584B000AF78600023FB6045E07A680D
:101E6000FB685B01134418331B78002B3AD07A6867
:101E7000FB685B01134419331B78012B3DD17A6851
:101E8000FB685B01134420331B68002B13D07A6876
:101E9000FB685B011344193300221A707A68FB68EF
:101EA0005B01134420331B68164A5360154B5B6873
:101EB0007A68C3F84C217A68FB685B0113441C33D1
:101EC0001B68002B19D07A68FB685B011344193337
:101ED00000221A707A68FB685B0113441C331B688C
:101EE00098470AE0FB680133FB607B6893F8443154
:101EF0001A46FB689342B2DB00E000BF00BF103718
:101F0000BD4680BDDC52002080B400AF084B5B684A
:101F1000D3F84C31002B05D0054B5B68D3F84C311E
:101F2000034A536000BFBD465DF8047B704700BFA5
:101F3000DC52002080B582B000AF786039603B6829
:101F40001A687B681A607B68181D3B6804334FF47D
:101F5000A072194604F017F93B6893F844217B6896
:101F600083F844213B68D3F84C217B68C3F84C21AB
:101F70007B680022C3F850217B680022C3F85421FB
:101F80007B682C22C3F858213B68D3F848217B6832
:101F9000C3F8482100BF0837BD4680BDB0B59CB02E
:101FA00000AF284B07F154041D460FCD0FC495E830
:101FB000070084E8070007F1540300211846F5F7ED
:101FC0007AF80346204A1360204B07F138041D4677
:101FD0000FCD0FC495E8070084E8070007F1380328
:101FE00000211846F5F767F80346194A1360194BA4
:101FF00007F11C041D460FCD0FC495E8070084E8C7
:10200000070007F11C0300211846F5F754F80346B2
:10201000114A1360114B3C461D460FCD0FC495E885
:10202000070084E807003B4600211846F5F743F80F
:1020300003460B4A1360FFF769FC00BF7037BD46CB
:10204000B0BD00BF606D0108E8520020886D010836
:10205000EC520020B06D0108F0520020D86D01084C
:10206000F452002080B582B000AF7860FDF730FCFC
:10207000FDF794FC0120F5F76AF800BFF8E70000CF
:1020800080B582B000AF7860F7F738F9F0EE407AAB
:102090000A4BC3ED007A00F0E3F8F7F72FF9B0EE42
:1020A000407A064BD3ED007A77EE677A044BC3EDA6
:1020B000007A0120F5F74BF800BFE5E7F852002061
:1020C000FC52002080B582B000AF7860FEF77CFE45
:1020D0000120F5F73CF800BFF8E780B582B000AF0B
:1020E0007860F6F733FF0A20F5F731F800BFF8E71C
:1020F00080B582B002AF72B600BFA820F6F786FFA7
:1021000001F0ECF91E23602204210A20F7F7D8FD24
:1021100006234B4A04210A20F7F7FAFE0623494A10
:102120000E210A20F7F7F4FE012300930F2320224B
:1021300028210020F8F7ABFB002300930F23602237
:1021400028210020F8F7A3FBF7F772FD00F092F8C2
:102150001E23602204210A20F7F7B2FD06233A4A23
:1021600004210A20F7F7D4FE0623384A0E210A205C
:10217000F7F7CEFE012300930F23402228210020F1
:10218000F8F785FB002300930F236022282100200D
:10219000F8F77DFBF7F74CFD00F0F0FA1E23602204
:1021A00004210A20F7F78CFD0623294A04210A207E
:1021B000F7F7AEFE0623274A0E210A20F7F7A8FEFE
:1021C000012300930F23602228210020F8F75FFBF2
:1021D000002300930F23602228210020F8F757FBEB
:1021E000F7F726FDFFF7DAFE1E23602204210A20FE
:1021F000F7F766FD0623184A04210A20F7F788FE40
:102200000623164A0E210A20F7F782FE01230093C7
:102210000F23602228210020F8F739FB00230093C8
:102220000F23602228210020F8F731FBF7F700FD8B
:10223000F7F71EFD62B600BF00BFBD4680BD00BF00
:10224000F46D0108006E01080C6E0108146E01089F
:10225000246E0108306E0108406E0108506E0108BE
:1022600080B500AF01F0B0FD00F0CAF900F0A0FCAD
:1022700000BF80BD80B582B002AF3348FEF760FB7F
:102280000346324A136000224FF480713048F1F760
:10229000BBF9FCF777FA03462E4A1360FCF772FA93
:1022A00003462D4A136008212C48FEF789FC03469B
:1022B0002B4A136000212B48FEF7D0FC03462A4A24
:1022C000136039212948FEF77BFC0346284A136036
:1022D0000C212848FEF7C2FC0346274A136032212E
:1022E0002648FEF7BBFC0346254A13600821254813
:1022F000FEF766FC0346244A13601E236022042175
:102300000A20F7F7DDFC0623204A04210A20F7F70C
:10231000FFFD06231E4A0E210A20F7F7F9FD0123CF
:1023200000930F23302228210020F8F7B0FA002371
:1023300000930F23602228210020F8F7A8FAF7F76E
:1023400077FC00BFBD4680BD3C450020A453002063
:1023500000080240B0530020B45300205C6E010816
:10236000005300206C6E0108045300207C6E0108AD
:1023700008530020886E01080C530020946E010859
:1023800010530020A06E010814530020AC6E010809
:10239000B46E010800000000B0B500AF8C4B1B68A4
:1023A000B3F90630012B40F0E480894B1B68B3F988
:1023B0000230B3F5A07F80F28A80854B1B68B3F9A9
:1023C0000430EF2B00F38380814B1B68B3F902309C
:1023D00013F5A07F7BDD7E4B1B68B3F9043013F14E
:1023E000EF0F74DB7A4B1B68B3F90230002B05D179
:1023F000774B1B68B3F90430002B68D0744B1B6813
:10240000B3F90230042B19DC714B1B68B3F90230AD
:1024100013F1040F12DB6E4B1B68B3F90430042B6D
:102420000CDC6B4B1B68B3F9043013F1040F05DBB4
:1024300001224FF480716748F1F7E6F8644B1B689E
:10244000B3F902301846EEF715F85BA3D3E9002381
:10245000EEF77AF802460B4614461D465E4B1B68A3
:102460001846EEF719F802460B4620462946EDF7C6
:10247000B5FE02460B4610461946EEF747FB0346EB
:10248000564A1360524B1B68B3F904301846EDF7F7
:10249000F1FF4BA3D3E90023EEF756F802460B46B3
:1024A00014461D464E4B1B681846EDF7F5FF0246D5
:1024B0000B4620462946EDF791FE02460B46104694
:1024C0001946EEF723FB0346464A136051E0404BA2
:1024D0001B68B3F90830002B4BD14FF480713D4895
:1024E000F1F77AF80346002B43D13F4B1B780133B9
:1024F000DAB23D4B1A703C4B1B783C4AA2FB0312EC
:102500005209642101FB02F29B1ADAB2364B1A70AF
:10251000354B1B78312B16D8304B1B681846EDF71E
:10252000BBFF29A3D3E90023EDF758FE02460B4673
:1025300010461946EEF7EAFA0346284A1360294B7B
:102540002B4A1A6015E0254B1B681846EDF7A4FFCF
:102550001DA3D3E90023EDF741FE02460B461046CA
:102560001946EEF7D3FA03461C4A13601D4B204A66
:102570001A601C4BD3ED007A9FED1E7AF4EEC77AF9
:10258000F1EE10FA01D51C4B01E0164B1B68154A01
:102590001360144BD3ED007AB3EE0E7AF4EEC77AE3
:1025A000F1EE10FA01DD154B01E00E4B1B680D4AF0
:1025B000136000BFB0BD00BF295C8FC2F528BC3FCF
:1025C000295C8FC2F528BCBF333333333333E33F49
:1025D000A453002000080240B8530020A853002054
:1025E000BC530020AC530020C05300201F85EB518A
:1025F000000020C1000070C2000070C20000F04165
:1026000080B500AF464B1B6846491846FEF76EFB87
:10261000454B1B6845491846FEF768FB444B1B6851
:1026200044491846FEF762FB424BD3F81230424A47
:102630001360404BD3F81630404A13603D4BD3F83B
:102640002A303F4A13603B4BD3F82E303D4A13608B
:102650003D4B1B68334AD2ED007A0121B0EE670A88
:102660001846FCF7ABF8F0EE407A384BC3ED007A31
:10267000374B1B682B4AD2ED017A0121B0EE670A75
:102680001846FCF79BF8F0EE407A324BC3ED007A27
:10269000FFF782FE304B1B68304A1360304B1B68DB
:1026A0002E4A5360244B1A682C4BC3F81920234B35
:1026B0001A682A4BC3F81D20214B1A68274BC3F810
:1026C0003120204B1A68254BC3F83520254B1B6859
:1026D000B3F9043007EE903AF8EEE77A224BC3EDF7
:1026E000017A204B1B68B3F9023007EE903AF8EEFE
:1026F000E77A1D4BC3ED007A1C4B1B681C4918463A
:10270000FEF720FB1B4B1B6814491846FEF71AFB0B
:10271000194B1B6814491846FEF714FB00BF80BD17
:102720000C53002054530020045300206053002019
:1027300010530020685300209002002094020020D3
:10274000980200209C020020B0530020B8530020C3
:10275000B4530020BC530020AC5300201853002079
:10276000A8530020A45300209C53002000530020B5
:1027700060530020085300201453002080B5DEB0C1
:1027800000AFFDF7A5F80346994A136007F1BC03B3
:10279000BC220021184603F0D8FB954B1B6824335C
:1027A000C7F8BC30924B1B680833C7F8C030914B58
:1027B000C7F8C430904BC7F8FC30904BC7F80831CD
:1027C0008F4BC7F80C31172387F814318D4BC7F89E
:1027D00018318D4BC7F824318C4BC7F82C318C4BFA
:1027E000C7F834318B4BC7F838318B4BC7F83C31C5
:1027F000072387F84431894BC7F84831884BC7F81D
:102800005431884BC7F85831042387F85C310623CC
:1028100087F85D31012387F86031012387F8613142
:10282000022387F86231012387F863317E4BC7F8B2
:1028300064310123C7F8683107F5BC73A3F5BC7395
:102840001846BC231A46002103F07FFB684B1B6827
:1028500003F11C0207F5BC73A3F5BC731A60644B4B
:102860001B681A4607F5BC73A3F5BC735A6007F5DD
:10287000BC73A3F5BC736D4A9A6007F5BC73A3F5EE
:10288000BC736B4A1A6407F5BC73A3F5BC73694A41
:10289000DA6407F5BC73A3F5BC73674A1A6507F5DC
:1028A000BC73A3F5BC73172283F8582007F5BC73DB
:1028B000A3F5BC73614ADA6507F5BC73A3F5BC7375
:1028C000514A9A6607F5BC73A3F5BC73584A1A6758
:1028D00007F5BC73A3F5BC734D4A9A6707F5BC7343
:1028E000A3F5BC734D4ADA6707F5BC73A3F5BC7357
:1028F000534AC3F8802007F5BC73A3F5BC730722C5
:1029000083F8882007F5BC73A3F5BC73434AC3F86A
:102910008C2007F5BC73A3F5BC734A4AC3F8982012
:1029200007F5BC73A3F5BC73474AC3F89C2007F5B1
:10293000BC73A3F5BC73042283F8A02007F5BC7315
:10294000A3F5BC73062283F8A12007F5BC73A3F599
:10295000BC73012283F8A42007F5BC73A3F5BC73F4
:10296000012283F8A52007F5BC73A3F5BC730222EE
:1029700083F8A62007F5BC73A3F5BC73012283F886
:10298000A72007F5BC73A3F5BC73274AC3F8A8209A
:1029900007F5BC73A3F5BC730322C3F8AC2007F1A1
:1029A000BC031846FEF7CCFB0346284A13603B469F
:1029B0001846FEF7C5FB0346254A13600C2125483F
:1029C000FEF7FEF80346244A13603C212348FEF735
:1029D000F7F80346224A136039212248FEF73EF9F0
:1029E0000346214A136000BF07F5BC77BD4680BD92
:1029F0005C54002064540020000020420060EA463D
:102A000000409CC600803B456F12833A0000704234
:102A10009A99193F00009643000096C30000C842EF
:102A20000AD7A33CA69B443BEC4200206054002004
:102A30000000F0410050C3460050C3C600401C4592
:102A40000000C8C2B81E053ECDCC4C3E58540020F4
:102A500054540020C46E0108C4530020D06E0108F5
:102A600014540020E06E0108C853002080B487B0E1
:102A700000AF786187ED040AC7ED030A87ED021AFB
:102A8000C7ED011A87ED002A97ED047AD7ED037A96
:102A9000B4EEE77AF1EE10FA03DD7B697A681A602A
:102AA0000CE097ED047AD7ED027AB4EEE77AF1EE16
:102AB00010FA00D402E07B693A681A6000BF1C3744
:102AC000BD465DF8047B704780B500AF164B1B68B0
:102AD000D3ED5A7AF5EEC07AF1EE10FA11DD124B11
:102AE0001B68D3ED5A7A9FED112ADFED101A9FED86
:102AF000101AF7EE000AB0EE670A0E48FFF7B6FFAD
:102B000010E0094B1B68D3ED5A7A9FED082ADFEDE0
:102B1000071ABFEE001ADFED080AB0EE670A054893
:102B2000FFF7A4FF00BF80BD545400200000000048
:102B30009A99993E605400209A9999BE80B500AF49
:102B4000164B1B68D3ED5A7AF5EEC07AF1EE10FA07
:102B500011DD124B1B68D3ED5A7A9FED112ADFED80
:102B6000101A9FED101AF7EE000AB0EE670A0E4831
:102B7000FFF77CFF10E0094B1B68D3ED5A7A9FEDFD
:102B8000082ADFED071ABFEE001ADFED080AB0EEE3
:102B9000670A0548FFF76AFF00BF80BD5854002050
:102BA00000000000CDCCCC3D64540020CDCCCCBD89
:102BB00080B500AF754B1B780133DAB2734B1A70D6
:102BC000724B1B7803F00103DAB2704B1A70704B32
:102BD0001B6870491846FEF789F86F4B1A686D4BF1
:102BE000D3F81930C2F830316B4B1A68694BD3F8FF
:102BF0001D30C2F8B030694B1A68664BD3F83130DB
:102C0000C2F83031654B1A68624BD3F83530C2F8E0
:102C1000B030FFF759FFFFF791FF5F4B1B68184675
:102C2000FEF73DFB5D4B1B681846FEF738FB5A4B21
:102C30001B68012204211846FEF716FB564B1B6841
:102C4000012202211846FEF70FFB544B1B6801229C
:102C500004211846FEF708FB504B1B680122022195
:102C60001846FEF701FB4C4B1B681846FEF725FB88
:102C70004A4B1B681846FEF720FB474B1B68454A2A
:102C8000D2ED017AB0EE670A1846FEF724FB434BFB
:102C90001B68404AD2ED007AB0EE670A1846FEF78C
:102CA0001AFB3F4B1B68DB693E4A53603C4B1B6879
:102CB0005B6A3C4A13603A4B1B68DB693A4A5360D3
:102CC000374B1B685B6A384A1360354B1B689B693E
:102CD000354A9360304B1B68D3F86831324A9361B0
:102CE0002D4B1B689B68304AD3602B4B1B685B687D
:102CF0002D4A1361284B1B68B3F90C3007EE903A4C
:102D0000F8EEE77A284BC3ED057A234B1B68D3F81E
:102D10003031254AD361204B1B68D3F8B030224AAA
:102D200013621E4B1B68D3F868311F4A13631B4B99
:102D30001B689B681C4A5362184B1B685B681A4AE5
:102D40009362164B1B68B3F90C3007EE903AF8EE1D
:102D5000E77A154BC3ED0B7A104B1B68D3F8303173
:102D6000114A53630D4B1B68D3F8B0300E4A93637E
:102D70000E4B1B680B491846FDF7E4FF0C4B1B6814
:102D800009491846FDF7DEFF00BF80BD68540020EA
:102D9000C8530020D8530020585400205454002019
:102DA0005C540020CC53002018540020C453002051
:102DB0001454002080B584B000AF78603960F1F71A
:102DC00057F9F8602A4B1B68FA68D31A202B4AD9A6
:102DD000274AFB6813603B685B68DFED267A07EEE5
:102DE000103A27EE277ADFED246AC7EE267A7B6851
:102DF000C3ED047A3B681B687A6853613B689B6843
:102E00007A6893617B68D3ED057AF0EEE77AB3EEEA
:102E1000047AF4EEC77AF1EE10FA03DD7B68002243
:102E20001A7702E07B6801221A777B6893ED057AB6
:102E30007B68D3ED067A67EE277AFDEEE77A17EE28
:102E4000902A642302FB03F307EE903AB8EEE77A88
:102E5000F0EE086AC7EE267AFDEEE77A17EE902AC2
:102E60007B681A6200E000BF1037BD4680BD00BF1E
:102E7000BC660020DB0F4940000034430000000026
:102E800080B584B000AFF86087ED020AC7ED010A93
:102E900087ED001AB868EDF7FFFA29A3D3E90023FC
:102EA000EDF752FB02460B46104619464FF0000262
:102EB000254BEDF773FC02460B4610461946EDF71D
:102EC00025FE0246FB68C3F8C0207868EDF7E4FAF7
:102ED0001BA3D3E90023EDF737FB02460B46104650
:102EE00019464FF00002184BEDF758FC02460B460E
:102EF00010461946EDF70AFE0246FB68C3F8C420E7
:102F00003868EDF7C9FA0EA3D3E90023EDF71CFBEF
:102F100002460B46104619464FF000020A4BEDF7E9
:102F20003DFC02460B4610461946EDF7EFFD024602
:102F3000FB68C3F8C82000BF1037BD4680BD00BF86
:102F4000182D4454FB2109400080664080B582B0B2
:102F500002AF224BD3ED017A204B93ED007A1F4B49
:102F6000D3ED026AB0EE661AF0EE470AB0EE670AD9
:102F70001B48FFF785FF1A48F8F739F81848F8F7A3
:102F8000ADF80623174A13210A20F6F7C1FF134BA9
:102F90001B681846EDF780FA0623009304230322EA
:102FA00041EC100B13213C20F7F73CF906230E4AA5
:102FB0001D210A20F6F7ACFF084B5B681846EDF7B9
:102FC0006BFA062300930423032241EC100B1D210E
:102FD0003C20F7F727F900BFBD4680BD74540020A0
:102FE0004C610020EC6E0108F46E010880B582B0DF
:102FF00002AF17491748FFF7DDFE17491748FFF7DB
:10300000D9FE1448F8F770F91448F8F76DF9144B25
:103010009B6A1846EDF740FA062300930423032227
:1030200041EC100B0A213220F7F7FCF80C4B1B691E
:103030001846EDF731FA062300930423032241ECEE
:10304000100B14213220F7F7EDF800BFBD4680BD0C
:103050008054002018620020985400203C62002018
:103060007454002080B582B002AF0623154A1E2199
:103070000A20F6F74DFF0623134A28210A20F6F707
:1030800047FF124B1B681846EDF706FA062300931C
:103090000423032241EC100B1E212820F7F7C2F86D
:1030A0000A4B5B681846EDF7F7F9062300930423F3
:1030B000032241EC100B28212820F7F7B3F800BFBA
:1030C000BD4680BDFC6E0108086F0108EC5400206D
:1030D00080B500AF0F4B93ED0C7A0F4BD3ED007A18
:1030E000F1EE677A0C4BD3ED006A0820B0EE661A59
:1030F000F0EE670AB0EE470AF6F732FC03461A46CE
:10310000064B1A800648F8F72BFB0548F8F75AFBE0
:1031100000BF80BD74540020B00200206262002015
:103120006462002080B500AF0F4B93ED067A0F4B21
:10313000D3ED007AF1EE677A0C4BD3ED006A0820EC
:10314000B0EE661AF0EE670AB0EE470AF6F708FC32
:1031500003461A46064B1A800648F8F701FB054855
:10316000F8F730FB00BF80BD74540020B00200208F
:10317000606200206462002080B582B002AF062346
:10318000424A0A210A20F6F7C3FE414B1B68184643
:10319000EDF782F9062300930223032241EC100B82
:1031A00014211420F7F73EF83A4B1B681846EDF748
:1031B00073F9062300930223032241EC100B1E2116
:1031C0001420F7F72FF8344BDB691846EDF764F954
:1031D000062300930223032241EC100B2821142024
:1031E000F7F720F82C4B1B6A1846EDF755F9062324
:1031F00000930223032241EC100B32211420F7F735
:1032000011F80623254A0A214620F6F781FE244BB1
:103210001B681846EDF740F90623009302230322AA
:1032200041EC100B14216420F6F7FCFF1D4B1B68CA
:103230001846EDF731F9062300930223032241ECEF
:10324000100B1E216420F6F7EDFF134B5B6B184645
:10325000EDF722F9062300930223032241EC100B21
:1032600028216420F6F7DEFF0B4B9B6B1846EDF729
:1032700013F9062300930223032241EC100B3221A1
:103280006420F6F7CFFF00BFBD4680BD146F010874
:10329000A0020020A402002074540020206F010826
:1032A000A8020020AC02002080B400AF0C4B1A68CA
:1032B0000C4BC3F812200C4B1A680A4BC3F81620AB
:1032C0000A4B1A68074BC3F82A20094B1A68054BAA
:1032D000C3F82E2000BFBD465DF8047B704700BFD9
:1032E000A0020020B8540020A4020020A802002060
:1032F000AC02002080B400AF0C4BD3ED007A9FED00
:103300000C7AF4EEC77AF1EE10FA00D409E0074B1C
:10331000D3ED007AB7EE007A77EE877A034BC3EDF0
:10332000007A00BFBD465DF8047B7047A002002014
:103330000000704280B400AF0C4BD3ED007AB3EEC6
:103340000E7AF4EEC77AF1EE10FA00DC09E0074BD2
:10335000D3ED007AB7EE007A77EEC77A034BC3ED70
:10336000007A00BFBD465DF8047B7047A0020020D4
:1033700080B400AF0C4BD3ED007A9FED0C7AF4EEE5
:10338000C77AF1EE10FA00D409E0074BD3ED007ACA
:10339000B7EE007A77EE877A034BC3ED007A00BF71
:1033A000BD465DF8047B7047A40200200000704217
:1033B00080B400AF0C4BD3ED007AB3EE047AF4EE98
:1033C000C77AF1EE10FA00DC09E0074BD3ED007A82
:1033D000B7EE007A77EEC77A034BC3ED007A00BFF1
:1033E000BD465DF8047B7047A402002080B400AFA6
:1033F0000C4BD3ED007AB3EE0E7AF4EEC77AF1EE11
:1034000010FA00D409E0074BD3ED007AB7EE007A4A
:1034100077EE877A034BC3ED007A00BFBD465DF8B7
:10342000047B7047A802002080B400AF0C4BD3EDA2
:10343000007AB3EE047AF4EEC77AF1EE10FA00DC0B
:1034400009E0074BD3ED007AB7EE007A77EEC77A42
:10345000034BC3ED007A00BFBD465DF8047B7047A7
:10346000A802002080B400AF0C4BD3ED007AB3EE7D
:103470000E7AF4EEC77AF1EE10FA00D409E0074BA9
:10348000D3ED007AB7EE007A77EE877A034BC3ED7F
:10349000007A00BFBD465DF8047B7047AC02002097
:1034A00080B400AF0C4BD3ED007AB3EE047AF4EEA7
:1034B000C77AF1EE10FA00DC09E0074BD3ED007A91
:1034C000B7EE007A77EEC77A034BC3ED007A00BF00
:1034D000BD465DF8047B7047AC02002080B5ADF5B9
:1034E0003E6D02AFF6F718FBD548F7F7C3FB002196
:1034F000D448F7F7CDFE0121D348F7F7C9FED349E9
:10350000D348F8F7ECF8D349D348F8F7E8F89FED3B
:10351000D31ADFEDD30AB7EE000ACD48F8F7F4F876
:10352000D04A07F53D6392E8030083E8030007F5FE
:103530003D631946CC48FDF725FA07F6D833A3F5C5
:10354000AC7318464FF4A8731A46002102F0FDFC34
:1035500007F6D833A3F5AC73C44A1A6007F6D8331C
:10356000A3F5AC73C24A5A6007F6D833A3F5AC731F
:103570000A229A6007F6D833A3F5AC731E22DA60EC
:1035800007F6D833A3F5AC7350221A6107F6D83387
:10359000A3F5AC7314225A6107F6D833A3F5AC73C4
:1035A000B44A1A6207F6D833A3F5AC73B24A5A622A
:1035B00007F6D833A3F5AC730A229A6207F6D8331C
:1035C000A3F5AC733C22DA6207F6D833A3F5AC73EB
:1035D00050221A6307F6D833A3F5AC7314225A634A
:1035E00007F6D833A3F5AC73A44A1A6407F6D833A8
:1035F000A3F5AC73A24A5A6407F6D833A3F5AC73AB
:103600000A229A6407F6D833A3F5AC735A22DA6417
:1036100007F6D833A3F5AC7350221A6507F6D833F2
:10362000A3F5AC7314225A6507F6D833A3F5AC732F
:10363000944A1A6607F6D833A3F5AC73924A5A66D1
:1036400007F6D833A3F5AC730A229A6607F6D83387
:10365000A3F5AC737822DA6607F6D833A3F5AC731A
:1036600050221A6707F6D833A3F5AC7314225A67B1
:1036700007F6D833A3F5AC73844AC3F8802007F665
:10368000D833A3F5AC73042283F8442107F52863EB
:1036900019467F48FEF74EFC07F6D833A3F52A7388
:1036A00018464FF4A8731A46002102F04EFC07F6A4
:1036B000D833A3F52A73774A1A6007F6D833A3F5EF
:1036C0002A73754A5A6007F6D833A3F52A730A227B
:1036D0009A6007F6D833A3F52A731E22DA6007F63C
:1036E000D833A3F52A7350221A6107F6D833A3F50D
:1036F0002A7314225A6107F6D833A3F52A73674A4E
:10370000DA6107F6D833A3F52A73012283F844213E
:1037100007F6D833A3F52A735D4AC3F84C2107F5A1
:10372000136319465348FEF705FC07F6D833A3F593
:103730007E7318464FF4A8731A46002102F005FC68
:1037400007F6D833A3F57E73554A1A6007F6D833C7
:10375000A3F57E73504A5A6007F6D833A3F57E73FB
:103760000A229A6007F6D833A3F57E731E22DA6028
:1037700007F6D833A3F57E7350221A6107F6D833C3
:10378000A3F57E7314225A6107F6D833A3F57E732E
:10379000424ADA6107F6D833A3F57E73012283F833
:1037A000442107F6D833A3F57E73394AC3F84C2178
:1037B00007F5FC6319463148FEF7BCFB07F6D83322
:1037C000A3F5A96318464FF4A8731A46002102F026
:1037D000BCFB07F6D833A3F5A963324A1A6007F693
:1037E000D833A3F5A963304A5A6007F6D833A3F556
:1037F000A9630A229A6007F6D833A3F5A963322297
:10380000DA6007F6D833A3F5A9630A221A6107F62E
:10381000D833A3F5A9630A225A6107F6D833A3F572
:10382000A9631E4ADA6107F6D833A3F5A9631F4AD4
:103830005A6207F6D833A3F5A96350229A6237E09B
:103840004C610020186200203C620020626200206F
:1038500064620020606200209064002000007042DA
:103860000000004234700108F45400202C6F01085D
:10387000386F01086C560020446F0108C8570020BB
:103880004C6F010824590020546F0108805A002011
:1038900010550020586F0108606F0108091F0108CA
:1038A000686F0108746F0108806F0108846F010858
:1038B00007F6D833A3F5A9633222DA6207F6D833C4
:1038C000A3F5A96328221A6307F6D833A3F5A963E1
:1038D0000A225A6307F6D833A3F5A963D74A1A64B4
:1038E00007F6D833A3F5A963022283F8442107F62B
:1038F000D833A3F5A963D24AC3F8482107F6D833D1
:10390000A3F5A963CF4AC3F84C2107F5D263194642
:10391000CD48FEF70FFB07F6D833A3F5D36318465F
:103920004FF4A8731A46002102F00FFB07F6D833B4
:10393000A3F5D363C54A1A6007F6D833A3F5D3635A
:10394000C34A5A6007F6D833A3F5D3630A229A60B4
:1039500007F6D833A3F5D3633222DA6007F6D833FB
:10396000A3F5D3630A221A6107F6D833A3F5D3630C
:103970000A225A6107F6D833A3F5D363B54ADA6150
:1039800007F6D833A3F5D363012283F8442107F661
:10399000D833A3F5D363B04AC3F8482107F6D83328
:1039A000A3F5D363A74AC3F84C2107F5A8631946CA
:1039B000AA48FEF7BFFA07F6D833A3F5FD63184609
:1039C0004FF4A8731A46002102F0BFFA07F6D83365
:1039D000A3F5FD63A24A1A6007F6D833A3F5FD6389
:1039E000A04A5A6007F6D833A3F5FD6364229A60B3
:1039F00007F6D833A3F5FD634622DA6007F6D8331D
:103A0000A3F5FD630A221A6107F6D833A3F5FD6317
:103A10000A225A6107F6D833A3F5FD638D4ADA61AD
:103A200007F6D833A3F5FD638F4A5A6207F6D833F9
:103A3000A3F5FD6308229A6207F6D833A3F5FD6368
:103A40005022DA6207F6D833A3F5FD6314221A6315
:103A500007F6D833A3F5FD630A225A6307F6D83375
:103A6000A3F5FD63814A1A6407F6D833A3F5FD6315
:103A70007F4A5A6407F6D833A3F5FD6328229A6477
:103A800007F6D833A3F5FD635022DA6407F6D8337E
:103A9000A3F5FD6314221A6507F6D833A3F5FD6379
:103AA0000A225A6507F6D833A3F5FD63714A1A66F0
:103AB00007F6D833A3F5FD636F4A5A6607F6D83385
:103AC000A3F5FD6308229A6607F6D833A3F5FD63D4
:103AD0005A22DA6607F6D833A3F5FD633C221A674B
:103AE00007F6D833A3F5FD630A225A6707F6D833E1
:103AF000A3F5FD63614AC3F8802007F6D833A3F528
:103B0000FD63042283F8442107F6D833A3F5FD634F
:103B10005B4AC3F8482107F6D833A3F5FD63494A49
:103B2000C3F84C2107F57C7319464448FEF702FAA6
:103B300007F6D833A3F6381318464FF4A8731A467D
:103B4000002102F002FA07F6D833A3F638134D4AE3
:103B50001A6007F6D833A3F63813424A5A6007F6BC
:103B6000D833A3F6381350229A6007F6D833A3F659
:103B700038133222DA6007F6D833A3F638130A2254
:103B80001A6107F6D833A3F638130A225A6107F6EA
:103B9000D833A3F638132F4ADA6107F6D833A3F6E1
:103BA0003813012283F8442107F6D833A3F63813DB
:103BB000354AC3F8482107F6D833A3F63813214A0B
:103BC000C3F84C2107F5287319462848FEF7B2F9C7
:103BD00007F6D833A3F6882318464FF4A8731A467D
:103BE000002102F0B2F907F6D833A3F68823274A5A
:103BF0001A6007F6D833A3F688231A4A5A6007F6E4
:103C0000D833A3F6882350229A6007F6D833A3F658
:103C100088233222DA6007F6D833A3F688230A22F3
:103C20001A6107F6D833A3F688230A225A6107F6E9
:103C3000D833A3F68823074ADA6129E0DC5B002049
:103C40004D2F010810550020245900208C6F0108C9
:103C5000946F0108091F010865300108805A00208F
:103C6000986F0108806F0108A46F0108385D00207B
:103C7000AC6F0108945E0020B46F0108F05F002073
:103C8000ED2F0108C06F0108D1300108D06F010885
:103C900007F6D833A3F68823012283F8442107F6D8
:103CA000D833A3F68823374AC3F8482107F6D83318
:103CB000A3F68823344AC3F84C2107F5A8731946A4
:103CC0003248FEF737F907F6D833A3F6D833304A2F
:103CD000184611464FF4A8731A4602F054FA3B46B0
:103CE00019462C48FEF726F92B4B2C4A1A602A4B12
:103CF000254A5A60FFF7D8FA00212948FCF7AEFFA1
:103D00000346284A13603C212748FCF7A7FF0346D7
:103D1000264A136008212648FCF7A0FF0346254ADF
:103D2000136032212448FCF74BFF0346234A1360FB
:103D30001E23602204210A20F5F7C2FF0623204A31
:103D400004210A20F6F7E4F806231E4A0E210A2071
:103D5000F6F7DEF8012300930F2318222821002014
:103D6000F6F795FD002300930F2360222821002001
:103D7000F6F78DFDF5F75CFF00BF07F6D837BD46B7
:103D800080BD00BF2531010810550020945E002041
:103D90005C700108F05F0020DC520020E06F010839
:103DA000E86F01086C540020F86F0108705400207F
:103DB00008700108B454002014700108B0540020A9
:103DC000207001082870010880B500AF174B1B68F0
:103DD00017491846FCF78AFF164B1B681649184608
:103DE000FCF784FF154B1B6815491846FCF77EFF4E
:103DF0001448FCF7DBFD134B5B7A124AD27911466B
:103E00001846FDF765FF104B5B681846FDF7CCFDC3
:103E10000E4B1B78002B01D0F5F70AFF0C4B1B68EB
:103E20000C491846FCF78EFF00BF80BD6C54002083
:103E3000705400207054002074540020B4540020AA
:103E4000EC540020F4540020DC520020110000202B
:103E5000B0540020B85400202DE9F04F0388B1F889
:103E60000290446842884F68994583B040F09A8038
:103E7000B1F800C0944540F09580B9F1010F4FEAC8
:103E80009C084FEA89030CF0030C42D108FB03FEA7
:103E90003E464FEA081A47464FEA8E0E4FEA8C0913
:103EA000B04632461FB304F1100106F108003D464A
:103EB00051F810BCC2F800B051ED037A02EB030BCD
:103EC000CBED007A51F808BCC0F800B051ED017A92
:103ED00000EB030B013D02F1100201F11001CBEDEB
:103EE000007A00F11000E3D154440EEB0602BCF15D
:103EF000000F08D06146204650F8045B1560013978
:103F00001A44F9D14C44464506F1040246D01646FF
:103F1000C7E74FEA081208FB03FA00924FEA8C0247
:103F20004FEA0916BE4607EB030B4FEA8A0A4FEA2F
:103F3000C90901927246B8F1000F1ED004F11001B8
:103F400009EB0E00454651F8107C176051ED037ADD
:103F5000D718C7ED007A51F8087C076051ED017A57
:103F6000C718013D324401F11001C7ED007A304419
:103F7000E9D1009A14440AEB0E02BCF1000F09D0FB
:103F80006146204650F8045B156001391A44F9D1A6
:103F9000019A14440EF1040EDE45CBD1002003B08B
:103FA000BDE8F08F6FF00200F9E700BFF0B4D1E98F
:103FB0000046036847685568A34260D1126893427F
:103FC0005DD10388448804FB03F45FEA940C34D089
:103FD00007F1100106F1100205F11003604612ED21
:103FE000047A51ED047A77EEC77A013843ED047A0A
:103FF00012ED037A51ED037A77EEC77A01F11001E1
:1040000043ED037A12ED027A51ED067A77EEC77A24
:1040100002F1100243ED027A51ED057A12ED057AB4
:1040200077EEC77A03F1100343ED057AD7D107EB9A
:104030000C1706EB0C1605EB0C1514F003041BD043
:10404000D7ED007A96ED007A77EEC77A013CC5EDA0
:10405000007A11D0D7ED017A96ED017A77EEC77A22
:10406000012CC5ED017A07D0D7ED027A96ED027AE0
:1040700077EEC77AC5ED027A0020F0BC70476FF08A
:104080000200FAE72DE9F04F0C468BB02588079126
:104090004188068843685768606802968D42648844
:1040A00040F0F9801188B14240F0F5805188A1427A
:1040B00040F0F180AA0001294FEA950C4FEA8104F3
:1040C00005F0030E069270D1011D05914FEA0C1107
:1040D000024607F10409019103EB0C1B03F1100ADE
:1040E000AAF11003DDF814800393A9F10407DFEDB2
:1040F0006C7ABCF1000F52D002F1080053466546BD
:10410000114613ED046A91ED007A53ED034AD0EDA8
:10411000006A13ED025A53ED015A0E1927EE067A82
:1041200096ED006A77EE277A26EE246A061936EEB7
:10413000276A26EE857AD6ED007A37EE067A67EEA4
:10414000A57A013D77EE877A01F1100100F11000A8
:1041500003F11003D5D1019B59461A44BEF1000F5B
:104160000BD0734692ED007AF1EC016A27EE267AC5
:10417000013B77EE877A2244F4D1E7EC017A4F4590
:10418000424608F10408B2D1069B9B449A44029B24
:10419000013BA144029304D0079B5A68A0E703990E
:1041A000DCE718460BB0BDE8F08FC1EB81729200DE
:1041B0000E010992CA00049206FB0CF2051D03923F
:1041C00003EB0C1207EB040B0595019203F1100AA7
:1041D000AAF110030893099BDDF814900BEB030878
:1041E000DFED2F7ABCF1000F53D0049B6546C11858
:1041F0000246534692ED006A13ED047A53ED034AEA
:1042000053ED026A91ED005A53ED015A171927EE4A
:10421000067A97ED006A77EE277A26EE246A0F1960
:1042200036EE276A26EE857AD7ED007A37EE067AE3
:1042300067EEA57A013D77EE877A3244314403F187
:104240001003D7D1039B019A1844BEF1000F0BD085
:104250007346D0ED006AB2EC017A27EE267A013B74
:1042600077EE877A2044F4D1E8EC017AD8454846C5
:1042700009F10409B4D1019A069B114619449A44E4
:10428000029B0191013BA34402938AD0079B58688B
:104290009EE7089AD9E76FF002000BB0BDE8F08FF7
:1042A000000000002DE9F04F2DED028B06884788B5
:1042B0004D68D0F804A08BB0BE420990089540F03C
:1042C0000D810A884B88934240F008819E4240F05D
:1042D000058126B3B7EE008AB6F10108A5EC018A84
:1042E0001DD04FF001094FEA880205EB020B4FEA9F
:1042F00089042846002101F028FE0BEB0405224624
:1043000000215846B9F1000F00F0EF8001F01DFECA
:10431000B8F1010809F10109A5EC018AE3D1002FE8
:1043200000F0BF804FEA870C0AEB0C031A46029399
:10433000FB0004330025CDE905530492089B01934B
:104340000CF104020792E046B946DAED006A049BDC
:10435000F5EE406AF1EE10FAA3EB080066D06B1C94
:10436000A9EB050703934FB13A46534693ED007A04
:10437000C7EE267A013AE3EC017AF7D1019B494670
:1043800093ED007AC7EE267A0139E3EC017AF7D192
:1043900066B3089C4FEA850E8D4244D0D0ED006A8A
:1043A0007FB102463B46D346BBEC017AD2ED007AA0
:1043B00026EE877A013B77EEC77AE2EC017AF3D1F9
:1043C0004044DDF804B022464B46BBEC017AD2ED06
:1043D000007A26EE877A013B77EEC77AE2EC017A23
:1043E000F3D1644401318E427044D5D1079B069AC3
:1043F0009A44019B63440193029B13440293039BE1
:104400004B45A8F104081D469FD1059B012B04D004
:10441000F5EE406AF1EE10FA4AD000200BB0BDEC88
:10442000028BBDE8F08F40446444DBE76B1C9E4286
:10443000039330D90299012303E00133EA18B24211
:1044400029D2D1ED007AF5EE407AF1EE10FA0A4663
:104450006144F2D0B9EB05070BD03C465146D2F887
:1044600000E0D1F800B042F804BB013C41F804EB95
:10447000F5D1019A494603FB0C231C68D2F800E0F1
:1044800043F804EB013942F8044BF6D10123DAED8D
:10449000006A059367E7059B012B02D1A9EB05078D
:1044A00061E76FF004000BB0BDEC028BBDE8F08F4C
:1044B000039B03FB06F31E46099B5B68002EF0D0AE
:1044C000059A01E0B242ECD0F3EC017AF5EE407AC5
:1044D000F1EE10FA02F10102F4D09EE76FF0020053
:1044E0000BB0BDEC028BBDE8F08F5D46B8F1010862
:1044F000A5EC018A7FF4F5AE11E700BF0180428090
:1045000043607047F0B4D1E90046036847685568D6
:10451000A34260D1126893425DD10388448804FBB2
:1045200003F45FEA940C34D007F1100106F1100295
:1045300005F11003604612ED047A51ED047A77EE2E
:10454000877A013843ED047A12ED037A51ED037A4C
:1045500077EE877A01F1100143ED037A12ED027ACA
:1045600051ED067A77EE877A02F1100243ED027A76
:1045700051ED057A12ED057A77EE877A03F1100393
:1045800043ED057AD7D107EB0C1706EB0C1605EBBC
:104590000C1514F003041BD0D6ED007A97ED007AC9
:1045A00077EE877A013CC5ED007A11D0D7ED017A1C
:1045B00096ED017A77EE877A012CC5ED017A07D066
:1045C000D7ED027A96ED027A77EE877AC5ED027A18
:1045D0000020F0BC70476FF00200FAE7DFED1F7AB1
:1045E00020EE270AB5EEC00AF1EE10FAFDEEC07A11
:1045F00004D517EE903A013B07EE903AF8EEE77AD1
:104600009FED177A30EE670A20EE070AFCEEC07ABB
:1046100017EE903A9BB2B3F5007F1AD207EE903AAC
:10462000F8EE677A591C30EE670A0E4AF7EE007A08
:1046300002EB830302EB810293ED007AD2ED006A74
:1046400077EEC07A20EE260A67EE877A37EE800A88
:10465000704730EE470A01210023E6E783F9223E46
:1046600000000044B07B0108DFED217A20EE270A2C
:10467000F5EE007A30EE270AB5EEC00AF1EE10FA38
:10468000FDEEC07A04D517EE903A013B07EE903A62
:10469000F8EEE77A9FED177A30EE670A20EE070A08
:1046A000FCEEC07A17EE903A9BB2B3F5007F1AD2B7
:1046B00007EE903AF8EE677A591C30EE670A0E4A18
:1046C000F7EE007A02EB830302EB810293ED007AAE
:1046D000D2ED006A77EEC07A20EE260A67EE877A7E
:1046E00037EE800A704730EE470A01210023E6E7E3
:1046F00083F9223E00000044B07B010808B52DED8F
:10470000028BB0EE408A00F0F3F9B4EE488AF1EE85
:1047100010FAF0EE408A15D6B0EE480A00F0AAF87A
:10472000F7EE007AB4EEE70AF1EE10FA0ADD01F0D6
:10473000F5FCBDEC028B21230360BDE80840044872
:1047400000F0E6B8B0EE680ABDEC028B08BD00BF11
:104750008584010808B52DED028BB0EE408A00F08B
:10476000BDFAB4EE488AF1EE10FAF0EE408A15D6A2
:10477000B0EE480A00F07EF8F7EE007AB4EEE70AF1
:10478000F1EE10FA0ADD01F0C9FCBDEC028B212329
:104790000360BDE80840044800F0BAB8B0EE680A0B
:1047A000BDEC028B08BD00BF8584010800F07ABB18
:1047B00008B52DED028BB0EE408A00F0AFF8B4EEF4
:1047C000488AF1EE10FA0CD6DFED078AB4EEE88ADB
:1047D000F1EE10FA05D501F0A1FC88EEA80A21231C
:1047E0000360BDEC028B08BD0000000010EE103A23
:1047F00007B51E4A23F00043934206D8DFED1C0A9A
:1048000003B05DF804EB00F0D3B8B3F1FF4F04D36D
:1048100030EE400A03B05DF804FB684600F0E2FBAE
:1048200000F00300012809D0022810D0B0B9DDED56
:10483000010A9DED000A00F0BBF8EBE7DDED010A8F
:104840009DED000A00F00CF9B1EE400AE2E7DDED63
:10485000010A9DED000A00F0ABF8F5E7DDED010A75
:104860009DED000A012000F0FBF8D3E7D80F493F87
:104870000000000010EE103A23F0004300EE103A62
:104880007047000010EE103A07B51F4A23F00043AE
:10489000934207D8DFED1D0A002003B05DF804EB5A
:1048A00000F0DEB8B3F1FF4F04D330EE400A03B09E
:1048B0005DF804FB684600F095FB00F0030001285A
:1048C0000AD002280FD0C0B9DDED010A9DED000A23
:1048D000012000F0C5F8EAE7DDED010A9DED000AD0
:1048E00000F066F8E3E7DDED010A9DED000A012026
:1048F00000F0B6F8B1EE400AD9E7DDED010A9DED12
:10490000000A00F055F8F5E7D80F493F0000000015
:104910009FED010A704700BF0000C07FB1EEC00AE2
:104920007047000051EC100B70B5C1F30A54A4F2AB
:10493000FF32132A0B4605461BDC002A0BDA01F076
:104940000043013204BF43F07F5343F4401300227D
:104950001946104615E0154C144104EA01060643B9
:104960000FD04FF4002141FA02F2134423EA04036A
:10497000EDE7332A08DDB2F5806F02D10246EBF78E
:104980002DFC41EC100B70BDA4F213464FF0FF3428
:10499000F4400442F5D0C2F1330101228A40521999
:1049A00028BF013322EA0402D2E700BFFFFF0F0055
:1049B00010EE103A23F00043B3F1485FF0EE406A86
:1049C000B7EE000A04D2FDEEE67A17EE902A42B363
:1049D00026EEA67ADFED1A7A9FED1A6A1A4AA7EE3A
:1049E000276A9342DFED197AE6EE077A9FED186A9F
:1049F000A7EE876ADFED177AE6EE077A9FED166A73
:104A0000A7EE876A60EEE60A26EE076AF6EE007AFF
:104A1000E7EE060A67EE277A04D877EEE07A30EE02
:104A2000670A70470D4A93429ABF03F17F4307EE2E
:104A3000103AB5EE027A30EE470A77EEC77AECE725
:104A40004ED747ADF6740F319999993E7CF293B4E5
:104A5000010DD037610BB6BAABAA2A3D0000483F22
:104A600010EE103A23F00043B3F1485F04D2FDEE9C
:104A7000C07A17EE903A5BB320EE007ADFED157A3C
:104A80009FED156AA7EE276ADFED147AE6EE077A46
:104A90009FED136AA7EE876ADFED127A60EE076A70
:104AA000E6EE077A30B99FED106AA7EE276AA6EE08
:104AB000260A704767EEE67AB6EE006AE0EE867A7E
:104AC000D7EE870ADFED097AE6EEA70A30EE600A34
:104AD000704700BFD3C92E2F342FD7B21BEF383603
:104AE000010D50B98988083CABAA2ABEABAA2A3E60
:104AF00008B510EE103A23F00042B2F17E5F2DEDC2
:104B00000C8B0AD19FED640ADFED647A002BC8BFDD
:104B1000B0EE670ABDEC0C8B08BD04D930EE408ABC
:104B200088EE080AF6E7B2F17C5F3CD2B2F10C5F86
:104B300040F2AF8060EE007ADFED596A9FED597A5E
:104B40009FED596AA7EEA67ADFED586AE7EE276A6D
:104B50009FED577AA6EEA77ADFED566AE7EE276A51
:104B60009FED557AA6EEA77ADFED546AA7EEA66A06
:104B7000DFED536AE6EE276A9FED526AA6EEA76A5A
:104B8000F7EE006AE6EE276A27EE277ADFED4E7A27
:104B900087EE266AE0EE467A70EE677A9FED4B0A62
:104BA00030EE670AB6E7002BDFED3DDADFED3DCAF8
:104BB0009FED3ECADFED3EBA9FED3EBADFED3E8A85
:104BC0009FED3EDADFED38AA9FED3DAADFED3D9A7D
:104BD000B7EE009AF6EE007A28DA30EE098A28EE6F
:104BE000270AE0EE2DCAE0EE0DAAACEE80CAAAEECE
:104BF00080AAECEE00BAEAEE009AABEE80BAA9EE1B
:104C0000809AEBEE008A68EE808AFFF787FE88EED6
:104C1000897ADFED2F7AE0EE077AB0EE007A77EE50
:104C2000807A9FED2C0AA7EEC70A73E739EE408A17
:104C300028EE278AB0EE480AFFF770FEE8EE2DCA8C
:104C4000E8EE0DAAACEE88CAAAEE88AAECEE08BA85
:104C500010EE103AABEE88BA6FF30B03EAEE089A47
:104C600007EE903AEBEE088AB0EE486AA7EEE76AE4
:104C7000A9EE889A70EE276A68EE888A86EE267A10
:104C8000C8EE896AA0EE267A37EE870A30EE000A6F
:104C900040E79FED110A3DE7DB0F494000000000AF
:104CA00008EF1138047F4F3A613330BF461124BDFD
:104CB000A80A4E3E90B0A6BEABAA2A3E2EC69D3D87
:104CC0002D57014039D119C06821A233DA0FC93FED
:104CD0006821A2B3DA0F4940DB0FC93F38B510EEA7
:104CE000105A25F00044B4F17E5F2DED048B0CD1F9
:104CF000DFED5C7A9FED5C7A60EE277AE0EE077A72
:104D0000B0EE670ABDEC048B38BD04D970EE407A72
:104D100087EEA70AF6E7B4F17C5FF7EE008A0BD2C4
:104D2000B4F1485F52D2DFED517A70EE277AF4EE9B
:104D3000E87AF1EE10FAE5DCFFF79CFD38EEC08A68
:104D4000F6EE007A28EE278A9FED497ADFED497A60
:104D50009FED499AA8EE277ADFED487AE7EE087AC8
:104D60009FED477AA7EE887ADFED467AE7EE087A7C
:104D70009FED457AA7EE889ADFED447AE8EE077A50
:104D80009FED437AA7EE887ADFED427AE7EE087A64
:104D9000B0EE480AE7EE888AFFF7C0FD3E4B29EEE9
:104DA000089A9C4289EE286AF0EE006A3DD9A0EE8E
:104DB000060ADFED3A7AE0EE267A9FED2B0A30EE16
:104DC000670A002DD8BFB1EE400A9BE760EE007A7B
:104DD000DFED286A9FED267A9FED2B6AA7EEA67A73
:104DE000DFED266AE7EE276A9FED257AA6EEA77A21
:104DF000DFED246AE7EE276A9FED1F7AA6EEA77A19
:104E0000DFED226AE7EE866A9FED216AA6EEA76AC9
:104E1000DFED206AE6EE276A27EE277AE6EEA78A1C
:104E2000C7EE287AA0EE270A6CE710EE103A6FF36F
:104E30000B0307EE103AA7EE478A70EE005A30EEE9
:104E4000070ADFED087A88EE005A9FED150AE5EEB5
:104E5000667AD5EE867AB0EE406AA7EE666A77EE9D
:104E6000C67AACE72EBD3BB3DB0FC93FCAF249712E
:104E7000047F4F3A08EF1138ABAA2A3E461124BDF1
:104E8000A80A4E3E90B0A6BE2EC69D3D613330BFEF
:104E90002D57014039D119C09999793F2EBD3B3327
:104EA000DB0F493F10EE902A22F00041B1F1FF4F95
:104EB00010B5F0EE407A06D810EE100A20F000434C
:104EC000B3F1FF4F04D977EEA07AB0EE670A10BDB8
:104ED000B2F17E5F03D1BDE8104000F0B3B9941782
:104EE00004F0020444EAD07443B9022C5ED09FED72
:104EF000347A032C08BFF0EE477AE6E741B9DFEDDC
:104F0000317A9FED317A0028A8BFF0EE477ADCE7CE
:104F1000B1F1FF4F10D1B3F1FF4F04F1FF3407D1CE
:104F2000022C46D8294B03EB8403D3ED007ACCE75F
:104F3000022C41D8264BF6E7B3F1FF4FDFD05B1AC6
:104F4000B3F1F45F4FEAE3511ADA002A01DA3C3197
:104F500019DB87EEA00AFFF78DFC00F073F9F0EE85
:104F6000407A012C12D0022C17D0002CADD09FED2E
:104F7000197A77EE877A9FED187A77EEC77AA4E7E9
:104F8000DFED117AEDE7DFED157AEAE717EE903AFB
:104F900003F1004307EE903A97E79FED0E7A77EE24
:104FA000877A9FED0D7A77EE677A8EE7DFED0A7AE2
:104FB0008BE7DFED0B7A88E7DFED087A85E700BF46
:104FC000DB0F49C0DB0FC9BFDB0FC93FC884010835
:104FD000BC8401082EBDBB33DB0F4940000000003C
:104FE000DB0F493FF0B510EE106A884B26F0004504
:104FF0009D4287B0044605D8002380ED000A436037
:10500000002022E0824B9D423AD826F00043002E39
:105010009FED807A804A23F00F0318DD934270EEF3
:10502000477A09BF9FED7D7ADFED7D6ADFED7D6A0E
:1050300077EEC77A37EEE67A77EEC77A80ED007AB8
:1050400077EEE67AC0ED017A012007B0F0BD934219
:1050500070EE077A09BF9FED717ADFED716ADFEDBF
:10506000716A77EE877A37EEA67A77EEC77A80EDA7
:10507000007A77EEA67AC0ED017A4FF0FF30E4E7D0
:10508000694B9D4273D8FFF7F5FB9FED687AF6EE0A
:10509000007AE0EE077AFDEEE77AB8EEE77A17EEEF
:1050A000900ADFED5C7AA7EE670A1F28DFED5C7AD5
:1050B00067EE277AB1EE476A70EE676A16EE901ACD
:1050C00009DC5B4A471E26F0004352F8272023F0F4
:1050D000FF03934207D1C1F3C752C2EBD552082A4E
:1050E0004FEAE55314DC216094ED007A30EE470A74
:1050F000002E30EE670A84ED010AA6DAB1EE477A97
:10510000B1EE400A84ED007A84ED010A40429CE74A
:10511000DFED425AF0EE406AE6EE256A70EE667AFE
:10512000E6EE257ADFED3F5AD7EE257A76EEE75A9E
:1051300015EE902AC2F3C7515B1A192B04DCC4ED9B
:10514000005AB0EE660ACFE7DFED3A5AB0EE660AD3
:10515000A6EE250A76EEC07ADFED376AE6EE257A0E
:10516000D7EE267A30EE677A84ED007ABCE7B5F1A7
:10517000FF4F06D370EE407AC0ED017AC0ED007AA1
:105180003EE7EA15863AA5EBC25307EE903ABDEE2C
:10519000E77ADFED2A6AB8EEC77A77EEC77A8DED47
:1051A000037A67EEA67ABDEEE77AB8EEC77A77EEB5
:1051B000C77A8DED047A67EEA67AF5EE407AF1EEC5
:1051C00010FACDED057A1ED1B5EE407AF1EE10FA67
:1051D0000CBF012302231A4901910221009103A867
:1051E000214600F003F9002EBFF62FAFD4ED007A70
:1051F000F1EE677AC4ED007AD4ED017AF1EE677AC8
:10520000C4ED017A82E70323E5E700BFD80F493FE9
:10521000E3CB1640800FC93FD00FC93F004435375C
:105220004344353708A3852E800F494384F9223F34
:10523000D484010800A3852E32318D2400008043E0
:105240005485010838B510EE105A25F00044B4F129
:10525000A14FF0EE407A10D3B4F1FF4F04D970EEB5
:10526000007AB0EE670A38BDDFED4D7A9FED4D7ADA
:10527000002DC8BFF0EE477AF3E74B4B9C4210D8A5
:10528000B4F1445F0AD29FED497A30EE077AF7EE27
:10529000006AB4EEE67AF1EE10FAE2DC4FF0FF338A
:1052A00013E0FFF7E7FA424B9C424FD8A3F5D00337
:1052B0009C4241D8F0EE007ABFEE007AA0EE277A49
:1052C000002330EE270AC7EE007A5A1C27EEA76AA1
:1052D0009FED387ADFED385A9FED385A66EE066A50
:1052E000E6EE875A9FED367AA5EEA67ADFED355ABF
:1052F000E7EE265A9FED347AA5EEA67ADFED335A13
:10530000E7EE265A9FED327AA6EE875A9FED317A64
:10531000A5EE267A9FED305AA7EE265A9FED2F7AFA
:10532000A5EE267A27EE267AA5EE867A27EE877AEC
:1053300021D177EEC77A94E7F7EE007A30EE677AFC
:1053400030EE270A0123C7EE007ABEE7244B9C42C9
:105350000BD8F7EE087AB7EE007AA0EE277A022390
:1053600070EE676AC6EE877AAFE7BFEE007AC7EEE7
:10537000007A0323A9E71B4A1B4902EB830201EBD6
:105380008303D3ED006A37EE667A002D37EE677A35
:10539000D2ED007A77EEC77AB8BFF1EE677A60E7B0
:1053A000DB0FC9BFDB0FC93FFFFFDF3ECAF2497108
:1053B000FFFF973FD769853C59DA4B3D6BF16EBDD6
:1053C000356B883D6E2EBA3D2549123EABAAAA3EEA
:1053D00021A215BD95879DBD388EE3BDCDCC4CBEB9
:1053E000FFFF1B407C8801086C8801082DE9F04F05
:1053F0002DED048BD9B090460190B64A669818F10D
:10540000040F52F820A00F4603F1FF3B26DBB8F152
:10541000030248BF08F10402D210551C67999FEDA2
:10542000B17AE800A2EB0B060290A8EBC5050AEBE7
:105430000B0C1CAC01EB860E0020604510DD1CA996
:1054400001EB83000DF588790026564524DCDDF854
:1054500004E0DFEDA47A8446002416E00022DCE7B5
:10546000C6425DBF5EF8201007EE901AF8EEE77AAC
:10547000F0EE477AE4EC017A0130DEE7FEEC016AF7
:105480003CED017AE6EE877A01345C45F6DDE9EC25
:10549000017A01360430D8E708A901EB8A010491AA
:1054A0006799DFED8F8A9FED8D9A01EB820203925F
:1054B0005446A200059258AA02EB840212ED140A87
:1054C00044A908AA01EB840094462646002E4CDC31
:1054D0002846CDE9062300F0F1F9B0EE408AB4EE9B
:1054E000000A28EE000A00F04FFAF2EE007AA0EE71
:1054F000678A002DDDE90623FDEEC87A17EE909A43
:10550000F8EEE77A38EE678A41DD04F1FF3C08A93E
:10551000C5F1080E51F82C6046FA0EF0814400FAED
:105520000EF0361AC5F1070041F82C600641002E36
:105530003CDD4FF0000E09F101097046744568DC4E
:10554000002D03DD012D74D0022D7DD0022E2DD132
:10555000B7EE000A30EE488A40B32846069300F0C2
:10556000ADF9069B38EE408A20E060EE287A013ED5
:10557000FDEEE77AF8EEE77AA7EEC90ABDEEC00ABB
:10558000ACEC010A30ED010A37EE800A9EE705D146
:10559000601E08A951F82060F611C8E7F6EE007AFF
:1055A000B4EEE78AF1EE10FA31DA0026B5EE408A61
:1055B000F1EE10FA40F09880601E002250454BDA60
:1055C000002A65D0013C08AB083D53F82430002B7D
:1055D000F8D02846B7EE000A00F070F9631C44AA20
:1055E0009FED3F7A990002EB83022346002B80F265
:1055F000A9802346002BC0F2C78044AA02EB830592
:10560000DFF8D4C0DFED377A0020E21AB1E00226DD
:105610008FE752F8041B48B921B1C1F5807142F8F7
:10562000041C01210EF1010E084687E7C1F1FF01BC
:10563000F5E704F1FF3C08AA52F82C2002F07F02A3
:1056400008A941F82C2081E704F1FF3C08AA52F890
:105650002C2002F03F02F3E708A951F8201001388E
:105660000A43ABE7013250F8046D002EFAD00599D9
:1056700001F5B0710DEB0100E6181CA904F1010C55
:105680004C3801EB86062244624504DA144610E7E2
:1056900004980122E7E70399DDF804E051F82C10A3
:1056A000059107EE901AF8EEE77A0024E6EC017A0D
:1056B000DFED0C7AB1465C4504DDE0EC017A0CF1DB
:1056C000010CE1E7FEEC016A39ED017A0134E6EE06
:1056D000877AF0E7B88801088C88010800008043C9
:1056E0000000803B00000000029BB0EE480AA3EBE4
:1056F000080000F0E3F81FED077AB4EEC70AF1EEF8
:1057000010FA19DB5FED0A7A60EE277A08AAFDEE3F
:10571000E77A0835F8EEE77AA7EEC70AFDEEE77AF2
:10572000BDEEC00A10EE103A42F8243017EE903A5F
:10573000013442F824304CE7BDEEC00A08AA10EE4E
:10574000103AF6E708A850F82300019007EE900AF7
:10575000F8EEE77A013B67EE807A20EE070A62ED09
:10576000017A43E7FCEC016AB5EC017AE6EE877A50
:105770000130504501DC9042F4DD58A800EB820274
:1057800042ED287A013B35E7669B022B09DC002BB2
:1057900027DC40D009F0070059B0BDEC048BBDE810
:1057A000F08F669B032BF5D130AA0B1F13441A46CA
:1057B0002046002850DC2246012A5DDC30AB5FED3C
:1057C000377A0B44012C67DCDDED306A9DED317AD0
:1057D000002E67D1C7ED006A87ED017AC7ED027A26
:1057E000D8E730AB1FED417A0B442246002A24DA79
:1057F0004EB3F1EE477AC7ED007ADDED307A77EE01
:10580000C77A31AA01239C4220DA0EB1F1EE677A01
:10581000C7ED017ABEE730AB5FED4E7A0B44002C4A
:1058200005DA0EB1F1EE677AC7ED007AB2E733ED33
:10583000017A013C77EE877AF1E773ED017A013A5C
:1058400037EE277AD2E7F0EE477AD4E7B2EC017A66
:10585000013377EE877AD6E772ED017AD2ED016AED
:1058600037EEA67A013877EEC77A82ED007A77EEC6
:10587000A67AC2ED017A9CE773ED017AD3ED016A55
:1058800037EEA67A013A77EEC77A83ED007A77EEA3
:10589000A67AC3ED017A8FE733ED017A013C77EE0A
:1058A000877A8FE7F1EE666AB1EE477AC7ED006A54
:1058B00087ED017AF1EE677A90E700BF10EE103ABB
:1058C00033F000422BD0B2F1FF4F02D330EE000A8A
:1058D000704713F0FF4F23D1244BDFED257A984218
:1058E00020EE270A17DB10EE103AC3F3C752193A1D
:1058F0004CF25031884215DDDFED1E7ADFED1E6A75
:1059000010EE103AB0EE677A002BB8BFF0EE667A70
:1059100027EE870A7047DFED197A27EE800A704775
:10592000D20DE5E71044FE28E6DC002806DD23F072
:10593000FF4343EAC05300EE103A704710F1160FD0
:1059400009DADFED0E7ADFED0E6A10EE103AB0EEF6
:10595000677A002BD9E7193023F0FF4343EAC0539D
:105960009FED080A07EE903AD7E700BFB03CFFFF73
:105970000000004CCAF24971CAF249F16042A20D1E
:105980006042A28D0000003310EE103AC3F3C752FC
:105990007F3A162A23F000412BDC002A12DADFEDD1
:1059A000197A30EE270AB5EEC00AF1EE10FA06DDDC
:1059B000002B24DA0029144B08BF4FF0004300EEFF
:1059C000103A7047114911410B42FAD0DFED0D7AC0
:1059D00030EE270AB5EEC00AF1EE10FAEFDD002B2B
:1059E000BEBF4FF4000040FA02F29B1823EA010305
:1059F000E5E7B1F1FF4FE4D330EE000A7047002332
:105A0000DDE700BFCAF24971000080BFFFFF7F00E1
:105A10000A22002100F048B9931E222B10B50C4633
:105A200004D900230B701C46204610BD0A2A09D158
:105A3000002807DA2D230B7040420121214400F099
:105A40003DF9F1E70021F9E7024B0146186800F043
:105A500025B800BFC002002070B50F4E0C4631685B
:105A6000054611B900F038FB30602146284600F0A9
:105A700033FB431C03D14FF0FF34204670BDC41CE0
:105A800024F00304A042F8D0211A284600F024FB99
:105A90000130F2D1EFE700BFC06600202DE9F843E6
:105AA000CD1C25F0030508350C2D38BF0C25002D25
:105AB000064601DBA94204D90C2333600020BDE86F
:105AC000F883DFF8D48000F069F8D8F800301C467D
:105AD00044BB29463046FFF7BFFF431C044658D15C
:105AE000D8F800402746002F43D1002C4BD0236824
:105AF0003946304604EB030900F0EEFA814542D105
:105B000021686D1A29463046FFF7A6FF01303AD0CA
:105B100023682B442360D8F800305A6862BBC8F869
:105B200000700FE02268521B20D40B2A17D961198C
:105B3000A342256018BF5960636808BFC8F8001009
:105B400062514B60304600F02FF804F10B00231D2A
:105B500020F00700C21A1CBF1B1AA350AFE76268EF
:105B6000A3420CBFC8F800205A60EBE723466468E4
:105B7000AEE73C467F68B6E71A465B68A342FBD1B6
:105B800000235360DEE70C233360304600F00CF84E
:105B900094E70560D6E700BFC4660020014800F026
:105BA000E8BA00BF08680020014800F0E3BA00BF6F
:105BB00008680020242B2DE9F0478646904601D83E
:105BC000012B06D100F0AAFA162303600020BDE8DD
:105BD000F08734480D462A4615F8014B065D16F04D
:105BE0000806F8D12D2C10D12C780126951C33F005
:105BF000100215D1302C0DD12A7802F0DF02582A7C
:105C000008D16C78023510230AE02B2C04BF2C78C5
:105C1000951CECE7002BF6D1302C14BF0A23082387
:105C200006F1004C0CF1FF3C0022BCFBF3F91046DE
:105C300003FB19CAA4F13007092F0FD83C46A34231
:105C40001BDD571C07D0814514D301D1A24511DBC0
:105C500000FB0340012215F8014BEBE7A4F14107DB
:105C6000192F01D8373CEAE7A4F16107192F04D8AE
:105C7000573CE4E74FF0FF32EDE7531C08D12223F5
:105C8000CEF800306046B8F1000FA0D0691E06E0E3
:105C900006B14042B8F1000F99D0002AF6D1C8F8F9
:105CA000001094E7C588010813460A4601460248D9
:105CB0000068FFF77FBF00BFC0020020F0B51F4C97
:105CC0008BB005460B466E4604F1200C20686168D7
:105CD000374603C7083464453E46F7D12179397108
:105CE000911E2068386022294FF0000104D91970F4
:105CF0000B4618460BB0F0BD581E8446B5FBF2F7B4
:105D000002FB175628366E440C4616F8286C0CF821
:105D1000016F2E46B24201F101013D46EED900224B
:105D20005A541919A51AAA42E3DA10F8015F0E783D
:105D30000670013201F80159F4E700BFB48301088D
:105D4000002310B50446C0E90033C0E90433836082
:105D500081814366C2818361194608225C3000F06C
:105D6000F4F80D4B63620D4BA3620D4BE3620D4BD8
:105D700023630D4B24629C4206D003F168029442D7
:105D800002D0D0339C4205D104F15800BDE8104048
:105D900000F0EEB910BD00BFC55E0108E75E010866
:105DA0001F5F0108435F0108C8660020024A0349DB
:105DB000034800F069B800BFB402002095660108EE
:105DC000C402002041680C4B994210B5044601D032
:105DD00000F060FCA168094B994202D0204600F017
:105DE00059FCE168064B994204D02046BDE81040BA
:105DF00000F050BC10BD00BFC86600203067002016
:105E00009867002010B50B4B0B4C0C4A1A602046CB
:105E100000220421FFF794FF04F168000122092108
:105E2000FFF78EFF04F1D0000222BDE810401221DE
:105E3000FFF786BF00680020C8660020AD5D01083E
:105E4000014800F096B900BF09680020014800F041
:105E500091B900BF0968002010B50446FFF7F0FFB4
:105E6000236A1BB1BDE81040FFF7F0BF044B23626B
:105E7000044B1B68002BF5D1FFF7C4FFF2E700BF0E
:105E8000C55D0108006800202DE9F84307468846F3
:105E900014460026D4E90195B9F1010905D5246815
:105EA000002CF7D13046BDE8F883AB89012B07D928
:105EB000B5F90E30013303D029463846C0470643B2
:105EC0006835E9E710B50C46B1F90E1000F0F2F8AC
:105ED0000028ABBF636DA3891B1823F48053ACBFAC
:105EE0006365A38110BD2DE9F0411F468B89DB0559
:105EF00005460C46164605D5B1F90E1002230022C0
:105F000000F0C6F8A389B4F90E1023F48053A381DE
:105F100032463B462846BDE8F04100F0EDB810B5EA
:105F20000C46B1F90E1000F0B3F8431CA38915BF5D
:105F3000606523F4805343F48053A38118BFA38189
:105F400010BDB1F90E1000F093B80244034693421D
:105F500000D1704703F8011BF9E710B50246147829
:105F600013460132002CFAD1013B11F8012B03F842
:105F7000012F002AF9D110BD10B50139034632B105
:105F800011F8014F03F8014B013A002CF7D11A44E4
:105F90000021934200D110BD03F8011BF9E710B5B1
:105FA000024601448A42134603D01C780132002C79
:105FB000F8D1181A10BD0000164B2DE9F0411F68EA
:105FC0007C6C05460E46ECB95020FFF73DFD0246BD
:105FD000786420B9104B11485B2100F0E3F8C0E968
:105FE0000044C0E90244C0E90444C0E90A44C0E9ED
:105FF0000C44C0E90E44C0E91044C0E91244846175
:10600000047744627A6C314628460123BDE8F041AA
:1060100000F006B8C0020020D9830108F08301080F
:10602000F0B5044608B9146844B1204614F8015B81
:106030000F4617F8016B1EB965B91560002005E021
:10604000B542F6D1002BF0D114600370F0BD1C46B0
:106050000CE01DB9274614F8013B0E4616F8015B0B
:10606000AB42F6D1002BF2D000233B701460EDE779
:1060700038B5064D0023044608462B60F2F7B8FEFB
:10608000431C02D12B6803B1236038BD0468002093
:1060900038B5074D04460846114600222A601A46C4
:1060A000F2F7CDFE431C02D12B6803B1236038BD4B
:1060B0000468002038B5074D044608461146002202
:1060C0002A601A46F2F75BFE431C02D12B6803B12B
:1060D000236038BD0468002038B5064D002304460F
:1060E00008462B60F2F7F2FD431C02D12B6803B186
:1060F000236038BD0468002038B5074D04460846C3
:10610000114600222A601A46F2F756FE431C02D1BD
:106110002B6803B1236038BD04680020014B186868
:10612000704700BFC002002070B50D4D0D4C641BC0
:10613000A4100026A64209D10B4D0C4C00F088FD9E
:10614000641BA4100026A64205D170BD55F8043B7F
:1061500098470136EEE755F8043B98470136F2E7D9
:10616000D0890108D0890108D0890108D4890108A3
:10617000704770477047034611F8012B03F8012B55
:10618000002AF9D170470A44914200F1FF3300D14F
:10619000704710B511F8014B03F8014F9142F9D146
:1061A00010BD00001FB514461A46094B1B68054672
:1061B000D8684CB1074B0091CDE9013406492B4614
:1061C00000F090FA00F0A0FA044B1C46F3E700BF81
:1061D000C00200204A840108578401088584010810
:1061E00038B50546002941D051F8043C0C1F002B5E
:1061F000B8BFE418FFF7D2FC1D4A136833B96360D7
:1062000014602846BDE83840FFF7CEBCA34208D949
:10621000206821188B4201BF19685B68091821604A
:10622000EDE71A465B680BB1A342FAD91168501822
:10623000A0420BD120680144501883421160E0D184
:1062400018685B68536008441060DAE702D90C23D1
:106250002B60D6E7206821188B4204BF19685B6861
:10626000636004BF091821605460CAE738BD00BFED
:10627000C46600202DE9F047164698468A680B69E7
:10628000DDF820909342B8BF1346336091F8432065
:1062900007460C460AB1013333602368990642BFB2
:1062A000336802333360256815F0060506D104F122
:1062B000190AE36832689B1AAB4226DC94F8433033
:1062C0002268003B18BF012392062BD404F143023D
:1062D00041463846C84701301ED02368226903F082
:1062E0000603042B02BFE5683368ED1AA3680CBFF0
:1062F00025EAE57500259342C4BF9B1AED180026D8
:106300001A34B5421AD1002008E001235246414612
:106310003846C847013003D14FF0FF30BDE8F08761
:106320000135C6E7E1185A1C302081F843002244A9
:1063300094F8451082F843100233C7E70123224640
:1063400041463846C8470130E6D00136D9E700005B
:106350002DE9FF470F7E0C9E782F914680460C4614
:106360009A4601F1430207D8622F0AD8002F00F0A5
:10637000D180582F00F0B88004F1420684F84270B2
:106380003AE0A7F16303152BF6D801A151F823F0E9
:10639000E9630108FD630108796301087963010875
:1063A0007963010879630108FD63010879630108D5
:1063B000796301087963010879630108FB640108C6
:1063C00027640108B564010879630108796301084D
:1063D0001D650108796301082764010879630108D4
:1063E00079630108BD64010833681A1D1B683260B7
:1063F00004F1420684F8423001239CE033682068AF
:10640000191D3160060601D51D6803E04506FBD560
:10641000B3F90050002D03DA2D236D4284F8433088
:1064200058480A2311E021683368080653F8045BD2
:1064300002D4490648BFADB26F2F5248336014BF33
:106440000A230823002184F843106668A660002E02
:1064500005DB21682E4321F0040121604BD0164654
:10646000B5FBF3F103FB1157C75D06F8017D2F461D
:10647000BB420D46F4D9082B0BD12368DF0708D5A2
:10648000236961689942DEBF302306F8013C06F1BA
:10649000FF36921B2261CDF800A04B4603AA21468D
:1064A0004046FFF7E7FE01304AD14FF0FF3004B01D
:1064B000BDE8F087236843F0200323603248782743
:1064C00084F84570236831681F0651F8045B02D4D4
:1064D0005F0648BFADB23160D90744BF43F0200327
:1064E00023601DB11023ADE72648E9E7236823F0B8
:1064F00020032360F6E71646BDE733682568616927
:10650000181D30602E061B6801D5196002E0680670
:10651000FBD51980002323611646BCE733681A1D9A
:1065200032601E68626800213046EAF7E1FC08B17B
:10653000801B606063682361002384F84330AAE70E
:106540002369324649464046D0470130ADD02368E2
:106550009B0713D4E068039B9842B8BF1846A6E790
:106560000123324649464046D04701309DD001358F
:10657000E36803995B1AAB42F2DCEBE7002504F118
:106580001906F5E78684010897840108B1F90C2003
:106590002DE9F041160705460C4654D44B68002BF4
:1065A00002DC0B6C002B48DDE66A002E45D0002390
:1065B00012F480522F68216A2B6030D0626DA3895B
:1065C000590705D56368D21A636B0BB1236CD21AD5
:1065D0000023E66A216A2846B047431CA38906D1F6
:1065E00029681D292BD82A4ACA40D60727D5002258
:1065F0006260D9042269226004D5421C01D12B6853
:1066000003B96065616B2F60B9B104F1440399422D
:1066100002D02846FFF7E4FD002363630DE0012369
:106620002846B0470246501CC9D12B68002BC6D063
:106630001D2B01D0162B1ED12F60002022E043F02D
:1066400040031BB21BE00F69002FF6D093070E68C2
:1066500008BF4B690F6018BF0023A6EB07088B60CB
:10666000B8F1000FE9DD216AA66A43463A4628469A
:10667000B047002808DCB4F90C3043F04003A38194
:106680004FF0FF30BDE8F0810744A8EB0008E7E7D2
:106690000100402038B50B6905460C4613B90025AA
:1066A000284638BD18B1036A0BB9FFF7D5FBB4F91A
:1066B0000C30002BF3D0626ED00704D4990502D4BD
:1066C000A06DFFF756FD28462146FFF75FFF636E7A
:1066D000DA070546E4D4A3899B05E1D4A06DFFF752
:1066E00049FDDDE70EB403B5014603AB054853F899
:1066F000042B0068019300F037F802B05DF804EB5A
:1067000003B07047C002002008B5062000F000FA70
:106710000120F2F729FB9368013B002B10B4936032
:1067200008DA9469A34201DB0A2903D15DF8044B1E
:1067300000F032B91368581C1060197008465DF8F3
:10674000044B7047F8B506460F461446D518AC42C0
:1067500001D1002007E014F8011B3A463046FFF74C
:10676000DAFF431CF3D1F8BD2DE9F04F0D469DB083
:1067700014469846064618B1036A0BB9FFF76CFB3E
:106780006B6ED90705D4AB899A0502D4A86DFFF7C3
:10679000F0FCAB891B0701D52B699BB92946304614
:1067A00000F038F970B16B6EDC0704D54FF0FF30A4
:1067B0001DB0BDE8F08FAB899805F7D4A86DFFF741
:1067C000D9FCF3E70023099320238DF82930CDF875
:1067D0000C803023DFF8AC818DF82A304FF00109AE
:1067E00023469A4613F8012B0AB1252AF9D1BAEBB0
:1067F000040B0BD05B46224629463046FFF7A2FF2A
:10680000013000F0A780099A5A4409929AF80030A2
:10681000002B00F09F8000234FF0FF32CDE90523CD
:106820000AF1010A049307938DF853301A935446E2
:10683000052214F8011B5348EAF75AFB049AD8B909
:10684000D10644BF20238DF85330130744BF2B23B8
:106850008DF853309AF800302A2B15D0079A5446F9
:1068600000204FF00A0C214611F8013B303B092B68
:106870004BD9B0B1079214E0A0EB080309FA03F377
:1068800013430493A246D2E7039B191D1B6803918F
:10689000002BBBBF5B4242F0020207930793B8BFD5
:1068A000049223782E2B0AD163782A2B32D1039BB2
:1068B0001A1D1B68039243EAE37302340593DFF861
:1068C000D4A0217803225046EAF712FB38B1049B8A
:1068D000A0EB0A004022824013430134049314F8D1
:1068E000011B29488DF828100622EAF701FB002831
:1068F0003FD0264B1BBB039B073323F00703083312
:106900000393099B3B4409936AE70CFB02320C4654
:106910000120A8E700230134059319464FF00A0C23
:10692000204610F8012B303A092A03D9002BC6D093
:106930000591C4E70CFB012104460123F0E703ABFA
:1069400000932A46124B04A93046AFF30080074655
:10695000781CD6D16B6ED90705D4AB899A0502D4C1
:10696000A86DFFF707FCAB895B063FF51FAF0998E1
:106970001EE703AB00932A46054B04A93046FFF7F8
:10698000E7FCE4E7A8840108B284010800000000E5
:1069900045670108AE840108F8B50E461446054661
:1069A00018B1036A0BB9FFF757FAA369A360A3896B
:1069B0001A0701D5236943B92146284600F02AF871
:1069C00018B14FF0FF373846F8BD23682269981A8E
:1069D0006369F6B28342374605DC21462846FFF755
:1069E00059FE0028EDD1A368013BA36023685A1C1F
:1069F00022601E706269431C9A4204D0A389DB079F
:106A0000E1D50A2EDFD121462846FFF743FE0028B4
:106A1000D9D0D6E738B5294B054618680C4618B1C9
:106A2000036A0BB9FFF718FAB4F90C30190722D42E
:106A3000DA0607D409222A6043F04003A3814FF00D
:106A4000FF3033E0580712D5616B41B104F14403C4
:106A5000994202D02846FFF7C3FB00236363A38952
:106A600023F02403A3810023636023692360A389A7
:106A700043F00803A38123694BB9A38903F420736E
:106A8000B3F5007F03D02146284600F083F8B4F91F
:106A90000C3013F001020AD00022A2606269524257
:106AA000A261226942B913F08000C5D138BD9907AF
:106AB00058BF6269A260F4E70020F7E7C002002037
:106AC0001F2938B505460C4604D9162303604FF03C
:106AD000FF3038BDC26B12B152F821304BB9284695
:106AE00000F030F8224601462846BDE8384000F064
:106AF00017B8012B0AD0591C03D1162303600120BB
:106B0000E7E7002142F82410204698470020E0E7FC
:106B1000024B01461868FFF7D3BF00BFC002002038
:106B200038B5074D00230446084611462B60F2F79E
:106B30000BF9431C02D12B6803B1236038BD00BFA1
:106B400004680020F2F7F8B870B50C46B1F90E10E1
:106B5000002996B015461E460DDAA38913F0800F62
:106B60004FF0000114BF40234FF4806300203160D8
:106B70002B6016B070BD6A4600F048F80028ECDBC8
:106B8000019901F47041A1F50053594259414FF464
:106B90008063EBE78B89F7B59D0706460C4607D562
:106BA00004F14703236023610123636103B0F0BD57
:106BB00001AB6A46FFF7C8FF009F054639463046DD
:106BC000FEF76CFF48B9B4F90C309A05EED423F007
:106BD000030343F00203A381E2E7A389206043F0AB
:106BE0008003A381019BC4E904075BB1B4F90E10D3
:106BF000304600F01DF828B1A38923F0030343F0C9
:106C00000103A381A3891D43A581CFE738B5074DB3
:106C100000230446084611462B60F2F7F5F8431CA2
:106C200002D12B6803B1236038BD00BF0468002087
:106C300038B5064D0023044608462B60F2F7F4F8F9
:106C4000431C02D12B6803B1236038BD04680020C7
:106C5000F8B500BFF8BC08BC9E467047F8B500BF49
:086C6000F8BC08BC9E46704719
:106C680049444C450000000064656661756C7454C5
:106C780061736B00706C0108817D000800000000E2
:106C8800000000008000000000000000000000007C
:106C9800000080BF000080BF000080BF0000803F70
:106CA800000080BF000080BF0000803F0000803FE0
:106CB800000080BF000080BF0000803F000080BF50
:106CC800000080BF000080BF0000803F0000803FC0
:106CD800000080BF0000803F0000803F0000803F30
:106CE8000000803F000080BF0000803F0000803F20
:106CF80058000000590000005A0000002C00000055
:106D080055500000444F574E000000004C45465473
:106D18000000000052494748540000004D494444CF
:106D28004C450000646D5F7461736B5F6E616D65E7
:106D3800000000002C6D0108351501080000000056
:106D480000000000800000000000000000000000BB
:106D5800696E737461736B00586D010865200108D2
:106D6800000000000000000000010000000000001A
:106D780000000000746573747461736B0000000098
:106D88007C6D01088120010800000000000000005F
:106D98000008000000000000000000006D6F746F24
:106DA800727461736B000000A46D0108C5200108AE
:106DB80000000000000000000001000000000000CA
:106DC800000000006461656D6F6E7461736B000094
:106DD800CC6D0108DB200108000000000000000065
:106DE8008000000000000000000000004F4C4544F7
:106DF800204F4B2100000000434D4420496E697428
:106E08002E2E2E00434D44204F4B210047696D62C2
:106E1800616C20496E69742E2E2E000047696D62E0
:106E2800616C204F4B2100004368617373697320C4
:106E3800496E69742E2E2E00546872656164205361
:106E480074617274656421005461736B2052756EAD
:106E580021000000636861737369735F636F6E7408
:106E6800726F6C00636861737369735F73746174C4
:106E78006500000067696D62616C5F636D640000A6
:106E880067696D62616C5F666565640075695F63FB
:106E980074726C5F636D6400636D645F66656564DE
:106EA8005F756900434D44204F4B210047696D626F
:106EB800616C20496E69742E2E2E000067696D6220
:106EC800616C5F666565640067696D62616C5F66C9
:106ED8006565645F7569000067696D62616C5F6311
:106EE8006D6400007961773A00000000706974638E
:106EF800683A0000657272207961773A00000000F4
:106F08006572725F70697463680000005961772068
:106F18004D6F746F720000005069746368204D6F84
:106F2800746F72006D61696E5061676500000000E2
:106F380053657474696E6773000000004368617379
:106F48007369730047696D62616C0000436D64008A
:106F580073657450616765004261636B00000000EF
:106F680063686173736973506167650067696D620F
:106F7800616C506167650000580000004D6F746FC8
:106F880072000000636D645061676500780000005E
:106F9800674D6F746F7250616765000050455252BB
:106FA8000000000059455252000000004D6F746FF8
:106FB800725365740000000077617665666F726DC4
:106FC80050616765000000005977617665666F72E9
:106FD8006D506167650000004D7941505000000018
:106FE800636861737369735F666565645F7569007B
:106FF80067696D62616C5F666565645F75690000ED
:10700800636D645F666565645F75690075695F6374
:1070180074726C5F636D64005549204F4B2100000A
:10702800434D4420496E69742E2E2E000000024004
:107038000100000073657474696E674D6F746F7238
:1070480050616765000000002B0000002D00000063
:10705800536574003C700108806F0108000000004F
:107068003C0000000A0000000A00000000000000C8
:10707800091F01080000000050700108000000000E
:10708800140000000A0000000A00000000000000D0
:10709800F532010800000000547001080A000000E1
:1070A800140000000A0000000A00000000000000B0
:1070B800353301080000000050700108000000008E
:1070C8001E0000000A0000000A0000000000000086
:1070D8007133010800000000547001080A00000024
:1070E8001E0000000A0000000A0000000000000066
:1070F800B133010800000000507001085000000082
:10710800140000000A0000000A000000000000004F
:10711800ED33010800000000547001085A00000017
:10712800140000000A0000000A000000000000002F
:1071380029340108000000005070010850000000C8
:107148001E0000000A0000000A0000000000000005
:107158006534010800000000547001085A0000005E
:107168001E0000000A0000000A00000000000000E5
:10717800A134010800000000587001085000000008
:107188003C000000280000000A0000000000000089
:10719800A9320108000000000A0000007931010846
:1071A8001055002000000000000000000102030448
:1071B8000607080900000000010203040006101673
:1071C800000610160000000000000000000000008B
:1071D80000000000000000F800000000000000337C
:1071E8003000000000160E00160E0000000000001F
:1071F8000000000040C07840C0784000043F04040C
:107208003F040400007088FC08300000001820FFCC
:10721800211E0000F008F000E018000000211C0307
:107228001E211E0000F00888700000001E21232483
:1072380019272110000000160E00000000000000B1
:1072480000000000000000E0180402000000000731
:107258001820400000020418E00000000040201838
:1072680007000000404080F0804040000202010F0B
:1072780001020200000000F0000000000101011FEF
:1072880001010100000000000000000000B07000D3
:1072980000000000000000000000000000010101E3
:1072A8000101010100000000000000000030300072
:1072B800000000000000000080601804006018064C
:1072C8000100000000E010080810E000000F102086
:1072D80020100F00001010F8000000000020203FD0
:1072E800202000000070080808887000003028245A
:1072F80022213000003008888848300000182020FB
:1073080020110E000000C02010F80000000704241F
:10731800243F240000F80888880808000019212064
:1073280020110E0000E0108888180000000F1120BE
:1073380020110E0000380808C83808000000003F77
:10734800000000000070880808887000001C2221D6
:1073580021221C0000E010080810E0000000312283
:1073680022110F00000000C0C00000000000003023
:1073780030000000000000C0C0000000000080B025
:107388007000000000008040201008000001020486
:1073980008102000404040404040400004040404DD
:1073A8000404040000081020408000000020100899
:1073B80004020100007048080808F00000000030CE
:1073C80036010000C030C828E810E000071827245C
:1073D80023140B000000C038E0000000203C23020A
:1073E8000227382008F8888888700000203F20206D
:1073F80020110E00C030080808083800071820209F
:107408002010080008F808080810E000203F202095
:1074180020100F0008F88888E8081000203F202076
:107428002320180008F88888E8081000203F20006A
:1074380003000000C03008080838000007182020A2
:10744800221E020008F808000008F808203F210161
:1074580001213F20000808F8080800000020203F0C
:107468002020000000000808F8080800C08080807C
:107478007F00000008F888C028180800203F200175
:107488002638200008F8080000000000203F2020CF
:107498002020300008F8F800F8F80800203F003FE6
:1074A800003F200008F830C00008F808203F2000FE
:1074B80007183F00E01008080810E0000F1020200F
:1074C80020100F0008F808080808F000203F2101E4
:1074D80001010000E01008080810E0000F1824243B
:1074E80038504F0008F8888888887000203F2000AE
:1074F800030C302000708808080838000038202164
:1075080021221C00180808F8080818000000203F6D
:107518002000000008F808000008F808001F2020D4
:1075280020201F000878880000C8380800000738A5
:107538000E010000F80800F80008F800033C0700F6
:10754800073C0300081868808068180820302C035E
:10755800032C30200838C800C83808000000203F35
:107568002000000010080808C83808002038262124
:1075780020201800000000FE020202000000007F28
:1075880040404000000C30C0000000000000000136
:107598000638C00000020202FE0000000040404021
:1075A8007F000000002010080408102000000000E0
:1075B80000000000000000000000000080808080C3
:1075C80080808080000204080000000000000000A5
:1075D8000000000000008080808000000019242244
:1075E80022223F2008F8008080000000003F112080
:1075F80020110E000000008080800000000E112085
:1076080020201100000000808088F800000E112062
:1076180020103F200000808080800000001F222270
:1076280022221300008080F0888888180020203FDC
:10763800202000000000808080808000006B9494EF
:107648009493600008F8008080800000203F2100AB
:1076580000203F2000809898000000000020203F74
:1076680020200000000000809898000000C0808062
:10767800807F000008F8000080808000203F2402FE
:107688002D302000000808F8000000000020203FEE
:10769800202000008080808080808000203F2000A3
:1076A8003F20003F008080008080000000203F21B4
:1076B80000203F200000808080800000001F2020E4
:1076C80020201F00808000808000000080FFA12013
:1076D80020110E000000008080808000000E112024
:1076E80020A0FF80808080008080800020203F21B3
:1076F8002000010000008080808080000033242466
:1077080024241900008080E0808000000000001F11
:10771800202000008080000000808000001F2020C2
:1077280020103F20808080000080808000010E3083
:107738000806010080800080008080800F300C03E4
:107748000C300F0000808000808080000020312EE7
:107758000E312000808080000080808080818E70C3
:107768001806010000808080808080000021302C75
:107778002221300000000000807C0202000000008E
:10778800003F404000000000FF0000000000000033
:10779800FF0000000002027C800000000040403F23
:1077A80000000000008040408000008000000000D1
:1077B800000101000000000000000000002F000090
:1077C80000000700070000147F147F1400242A7F9C
:1077D8002A1200231308646200364955225000001B
:1077E8000007000000001C224100000041221C008C
:1077F8000014083E08140008083E0808000000A00D
:107808006000000808080808000060600000002008
:1078180010080402003E5149453E0000427F4000E6
:10782800004261514946002141454B31001814126C
:107838007F10002745454539003C4A494930000139
:107848007109050300364949493600064949291E88
:1078580000003636000000005636000000081422EA
:1078680041000014141414140000412214080002EA
:1078780001510906003E4955592E007C1211127C0F
:10788800007F49494936003E41414122007F41413C
:10789800221C007F49494941007F09090901003E2E
:1078A8004149497A007F0808087F0000417F41006C
:1078B800002040413F01007F08142241007F4040E2
:1078C8004040007F020C027F007F0408107F003ECA
:1078D8004141413E007F09090906003E4151215EB0
:1078E800007F091929460046494949310001017FAD
:1078F8000101003F4040403F001F2040201F003F43
:107908004038403F006314081463000708700807F4
:1079180000615149454300007F41410000020408CD
:107928001020000041417F000004020102040040D1
:1079380040404040000001020400002054545478A4
:10794800007F4844443800384444442000384444C4
:10795800487F00385454541800087E090102001862
:10796800A4A4A47C007F080404780000447D40009F
:10797800004080847D00007F102844000000417F83
:107988004000007C04180478007C0804047800385F
:107998004444443800FC242424180018242418FCE7
:1079A800007C0804040800485454542000043F4450
:1079B8004020003C4040207C001C2040201C003C13
:1079C8004030403C004428102844001CA0A0A07C63
:1079D800004464544C440000087F41000000007FCC
:1079E80000000000417F080000080408100800009B
:1079F800EFBC8C0000000000000000000000000048
:107A080000000000000000583800000000000000DE
:107A18000000000000E38082000000000000000079
:107A280000000000000000000000000018242418D6
:107A380000000000000000000000E4BDA0000000FD
:107A48008060F8074020180F08C8080828180001A7
:107A58000000FF00100C0340807F0001061800E5BD
:107A6800A5BD00001010F01F10F000808282E29285
:107A78008A868000402215081661000040807F0039
:107A880000000000E4B8960000202020FE2020FF1F
:107A9800202020FF20202020000000007F404047B9
:107AA800444444474040400000E7958C00000000F3
:107AB80000FE929292FE929292FE00000000080848
:107AC8000484621E010001FE02040408080000008C
:107AD800000000FF0101013109090909897101014B
:107AE8000101FFFF80808080808096818080808077
:107AF8008080FF000000803F0000000000000000C0
:107B0800000000000000000000000000000000006D
:107B18000000803F0000000000000000000000009E
:107B28000000000000000000000000000000803F8E
:107B3800000000000000000000000000000000003D
:107B480000000000000000000000803F000000006E
:107B5800000000000000000000000000000000001D
:107B6800000000000000803F00000000000000004E
:107B780000000000000000000000000000000000FD
:107B88000000803F0000803F00000000000000006F
:107B9800000000000000803F00000000000000001E
:107BA800000000000000803F00000000920E493CE9
:107BB800B10AC93C2BC3163D2EFB483D752B7B3DB6
:107BC80004A9963D80B6AF3D36BDC83D2FBCE13D0A
:107BD80073B2FA3D87CF093E8340163EB5AB223ECD
:107BE800A2102F3ECF6E3B3EC2C5473E0115543E04
:107BF800135C603E7F9A6C3ECCCF783EC07D823E5F
:107C0800938E883E229A8E3E32A0943E86A09A3E5B
:107C1800E59AA03E128FA63ED47CAC3EEF63B23EFE
:107C28002A44B83E491DBE3E15EFC33E53B9C93E6E
:107C3800CA7BCF3E4136D53E80E8DA3E4F92E03EE1
:107C48007533E63EBBCBEB3EEA5AF13ECBE0F63E5F
:107C5800275DFC3EE4E7003F3D9C033F824B063F27
:107C68009BF5083F6B9A0B3FDA390E3FCDD3103F97
:107C78002A68133FD9F6153FC07F183FC6021B3F3D
:107C8800D17F1D3FCBF61F3F9967223F25D2243F66
:107C98005636273F1594293F4AEB2B3FDE3B2E3FB4
:107CA800BB85303FC9C8323FF304353F233A373FDD
:107CB8004268393F3B8F3B3FF9AE3D3F67C73F3F87
:107CC80070D8413F01E2433F03E4453F65DE473F4B
:107CD80012D1493FF8BB4B3F029F4D3F207A4F3F9F
:107CE8003D4D513F4918533F31DB543FE595563FD1
:107CF8005348583F6AF2593F1A945B3F532D5D3FF2
:107D080005BE5E3F2146603F97C5613F5A3C633FD1
:107D180059AA643F880F663FD86B673F3CBF683FEE
:107D2800A7096A3F0C4B6B3F5E836C3F93B26D3F74
:107D38009ED86E3F73F56F3F0809713F5213723F2B
:107D48004714733FDD0B743F0BFA743FC6DE753F73
:107D580007BA763FC58B773FF853783F9812793F3B
:107D68009DC7793F02737A3FBE147B3FCDAC7B3F02
:107D7800283B7C3FC9BF7C3FAC3A7D3FCCAB7D3FC5
:107D880023137E3FB0707E3F6DC47E3F580E7F3F09
:107D98006D4E7F3FAB847F3F0FB17F3F97D37F3FCF
:107DA80043EC7F3F11FB7F3F0000803F11FB7F3F8B
:107DB80043EC7F3F97D37F3F0FB17F3FAB847F3F3B
:107DC8006D4E7F3F580E7F3F6DC47E3FB0707E3F43
:107DD80023137E3FCCAB7D3FAC3A7D3FC9BF7C3F90
:107DE800283B7C3FCDAC7B3FBE147B3F02737A3F80
:107DF8009DC7793F9812793FF853783FC58B773FF5
:107E080007BA763FC6DE753F0BFA743FDD0B743F49
:107E18004714733F5213723F0809713F73F56F3F60
:107E28009ED86E3F93B26D3F5E836C3F0C4B6B3FA9
:107E3800A7096A3F3CBF683FD86B673F880F663F1A
:107E480059AA643F5A3C633F97C5613F2146603F4A
:107E580005BE5E3F532D5D3F1A945B3F6AF2593F62
:107E68005348583FE595563F31DB543F4918533F37
:107E78003D4D513F207A4F3F029F4D3FF8BB4B3F4E
:107E880012D1493F65DE473F03E4453F01E2433FE6
:107E980070D8413F67C73F3FF9AE3D3F3B8F3B3FFF
:107EA8004268393F233A373FF304353FC9C8323F68
:107EB800BB85303FDE3B2E3F4AEB2B3F1594293FD5
:107EC8005636273F25D2243F9967223FCBF61F3FDE
:107ED800D17F1D3FC6021B3FC07F183FD9F6153F13
:107EE8002A68133FCDD3103FDA390E3F6B9A0B3F08
:107EF8009BF5083F824B063F3D9C033FE4E7003F6C
:107F0800275DFC3ECBE0F63EEA5AF13EBBCBEB3EAA
:107F18007533E63E4F92E03E80E8DA3E4136D53E84
:107F2800CA7BCF3E53B9C93E15EFC33E491DBE3E7D
:107F38002A44B83EEF63B23ED47CAC3E128FA63ED4
:107F4800E59AA03E86A09A3E32A0943E229A8E3EA2
:107F5800938E883EC07D823ECCCF783E7F9A6C3E21
:107F6800135C603E0115543EC2C5473ECF6E3B3E92
:107F7800A2102F3EB5AB223E8340163E87CF093E66
:107F880073B2FA3D2FBCE13D36BDC83D80B6AF3D6A
:107F980004A9963D752B7B3D2EFB483D2BC3163D12
:107FA800B10AC93C920E493C00000000920E49BC3F
:107FB800B10AC9BC2BC316BD2EFB48BD752B7BBDB2
:107FC80004A996BD80B6AFBD36BDC8BD2FBCE1BD06
:107FD80073B2FABD87CF09BE834016BEB5AB22BEC9
:107FE800A2102FBECF6E3BBEC2C547BE011554BE00
:107FF800135C60BE7F9A6CBECCCF78BEC07D82BE5B
:10800800938E88BE229A8EBE32A094BE86A09ABE57
:10801800E59AA0BE128FA6BED47CACBEEF63B2BEFA
:108028002A44B8BE491DBEBE15EFC3BE53B9C9BE6A
:10803800CA7BCFBE4136D5BE80E8DABE4F92E0BEDD
:108048007533E6BEBBCBEBBEEA5AF1BECBE0F6BE5B
:10805800275DFCBEE4E700BF3D9C03BF824B06BF23
:108068009BF508BF6B9A0BBFDA390EBFCDD310BF93
:108078002A6813BFD9F615BFC07F18BFC6021BBF39
:10808800D17F1DBFCBF61FBF996722BF25D224BF62
:10809800563627BF159429BF4AEB2BBFDE3B2EBFB0
:1080A800BB8530BFC9C832BFF30435BF233A37BFD9
:1080B800426839BF3B8F3BBFF9AE3DBF67C73FBF83
:1080C80070D841BF01E243BF03E445BF65DE47BF47
:1080D80012D149BFF8BB4BBF029F4DBF207A4FBF9B
:1080E8003D4D51BF491853BF31DB54BFE59556BFCD
:1080F800534858BF6AF259BF1A945BBF532D5DBFEE
:1081080005BE5EBF214660BF97C561BF5A3C63BFCD
:1081180059AA64BF880F66BFD86B67BF3CBF68BFEA
:10812800A7096ABF0C4B6BBF5E836CBF93B26DBF70
:108138009ED86EBF73F56FBF080971BF521372BF27
:10814800471473BFDD0B74BF0BFA74BFC6DE75BF6F
:1081580007BA76BFC58B77BFF85378BF981279BF37
:108168009DC779BF02737ABFBE147BBFCDAC7BBFFE
:10817800283B7CBFC9BF7CBFAC3A7DBFCCAB7DBFC1
:1081880023137EBFB0707EBF6DC47EBF580E7FBF05
:108198006D4E7FBFAB847FBF0FB17FBF97D37FBFCB
:1081A80043EC7FBF11FB7FBF000080BF11FB7FBF87
:1081B80043EC7FBF97D37FBF0FB17FBFAB847FBF37
:1081C8006D4E7FBF580E7FBF6DC47EBFB0707EBF3F
:1081D80023137EBFCCAB7DBFAC3A7DBFC9BF7CBF8C
:1081E800283B7CBFCDAC7BBFBE147BBF02737ABF7C
:1081F8009DC779BF981279BFF85378BFC58B77BFF1
:1082080007BA76BFC6DE75BF0BFA74BFDD0B74BF45
:10821800471473BF521372BF080971BF73F56FBF5C
:108228009ED86EBF93B26DBF5E836CBF0C4B6BBFA5
:10823800A7096ABF3CBF68BFD86B67BF880F66BF16
:1082480059AA64BF5A3C63BF97C561BF214660BF46
:1082580005BE5EBF532D5DBF1A945BBF6AF259BF5E
:10826800534858BFE59556BF31DB54BF491853BF33
:108278003D4D51BF207A4FBF029F4DBFF8BB4BBF4A
:1082880012D149BF65DE47BF03E445BF01E243BFE2
:1082980070D841BF67C73FBFF9AE3DBF3B8F3BBFFB
:1082A800426839BF233A37BFF30435BFC9C832BF64
:1082B800BB8530BFDE3B2EBF4AEB2BBF159429BFD1
:1082C800563627BF25D224BF996722BFCBF61FBFDA
:1082D800D17F1DBFC6021BBFC07F18BFD9F615BF0F
:1082E8002A6813BFCDD310BFDA390EBF6B9A0BBF04
:1082F8009BF508BF824B06BF3D9C03BFE4E700BF68
:10830800275DFCBECBE0F6BEEA5AF1BEBBCBEBBEA6
:108318007533E6BE4F92E0BE80E8DABE4136D5BE80
:10832800CA7BCFBE53B9C9BE15EFC3BE491DBEBE79
:108338002A44B8BEEF63B2BED47CACBE128FA6BED0
:10834800E59AA0BE86A09ABE32A094BE229A8EBE9E
:10835800938E88BEC07D82BECCCF78BE7F9A6CBE1D
:10836800135C60BE011554BEC2C547BECF6E3BBE8E
:10837800A2102FBEB5AB22BE834016BE87CF09BE62
:1083880073B2FABD2FBCE1BD36BDC8BD80B6AFBD66
:1083980004A996BD752B7BBD2EFB48BD2BC316BD0E
:1083A800B10AC9BC920E49BC00000080303132339A
:1083B8003435363738396162636465666768696A77
:1083C8006B6C6D6E6F707172737475767778797A7D
:1083D800005245454E54206D616C6C6F6320737577
:1083E80063636565646564002F6275696C642F67F3
:1083F8006E752D746F6F6C732D666F722D73746D3F
:1084080033325F31332E332E72656C312E32303277
:1084180034303932362D313731352F7372632F6E40
:1084280065776C69622F6E65776C69622F6C69621B
:10843800632F737472696E672F737472746F6B2E07
:1084480063002C2066756E6374696F6E3A20006154
:108458007373657274696F6E2022257322206661BA
:10846800696C65643A2066696C6520222573222C44
:10847800206C696E65202564257325730A003031E8
:108488003233343536373839414243444546003073
:1084980031323334353637383961626364656600A2
:1084A800232D302B2000686C4C00656667454647D5
:1084B8000000000000000080DB0F4940DB0F49C0CE
:1084C800DB0F49BFE4CB1640E4CB16C0000FC93F11
:1084D800000F494000CB9640000FC9400053FB40B5
:1084E80000CB164100ED2F41000F49410031624198
:1084F80000537B41003A8A4100CB9641005CA3417E
:1085080000EDAF41007EBC41000FC94100A0D5413C
:108518000031E24100C2EE410053FB4100F2034248
:10852800003A0A420083104200CB164200141D4252
:10853800005C234200A5294200ED2F420036364256
:10854800007E3C4200C74242000F4942A2000000A0
:10855800F9000000830000006E0000004E000000DB
:10856800440000001500000029000000FC00000085
:108578002700000057000000D1000000F5000000AF
:1085880034000000DD000000C0000000DB00000037
:108598006200000095000000990000003C00000007
:1085A800430000009000000041000000FE000000B1
:1085B8005100000063000000AB000000DE00000076
:1085C800BB000000C500000061000000B70000000B
:1085D800240000006E0000003A0000004200000085
:1085E8004D000000D2000000E0000000060000007E
:1085F800490000002E000000EA0000000900000009
:10860800D1000000920000001C000000FE000000E5
:108618001D000000EB0000001C000000B10000007D
:1086280029000000A70000003E000000E80000004C
:108638008200000035000000F50000002E00000058
:10864800BB0000004400000084000000E9000000B6
:108658009C0000007000000026000000B40000002C
:108668005F0000007E0000004100000039000000AB
:1086780091000000D60000003900000083000000CF
:108688005300000039000000F40000009C000000C6
:10869800840000005F0000008B000000BD000000A7
:1086A800F9000000280000003B0000001F00000047
:1086B800F800000097000000FF000000DE00000046
:1086C80005000000980000000F000000EF00000007
:1086D8002F000000110000008B0000005A0000006D
:1086E8000A0000006D0000001F0000006D0000007F
:1086F800360000007E000000CF00000027000000C8
:10870800CB00000009000000B70000004F00000087
:10871800460000003F000000660000009E000000C8
:108728005F000000EA0000002D0000007500000056
:1087380027000000BA000000C7000000EB0000009E
:10874800E5000000F10000007B0000003D00000093
:108758000700000039000000F70000008A00000050
:108768005200000092000000EA0000006B000000C8
:10877800FB0000005F000000B10000001F000000C7
:108788008D0000005D000000080000005600000099
:10879800030000003000000046000000FC0000005C
:1087A8007B0000006B000000AB000000F000000040
:1087B800CF000000BC000000200000009A0000006C
:1087C800F4000000360000001D000000A9000000B1
:1087D800E300000091000000610000005E0000005E
:1087E800E60000001B000000080000006500000013
:1087F80099000000850000005F00000014000000E0
:10880800A000000068000000400000008D0000008B
:10881800FF000000D8000000800000004D000000AC
:10882800730000002700000031000000060000006F
:10883800060000001500000056000000CA000000F5
:1088480073000000A8000000C900000060000000DC
:10885800E20000007B000000C00000008C00000067
:108868006B0000006937AC3168212233B40F143330
:108878006821A2333863ED3EDA0F493F5E987B3FAB
:10888800DA0FC93F0000C93F0000F0390000DA37AD
:108898000000A2330000842E0000502B0000C227E5
:1088A8000000D0220000C41F0000C61B00004417AF
:1088B800040000000700000009000000002020203C
:1088C8002020202020202828282828202020202078
:1088D8002020202020202020202020202088101048
:1088E80010101010101010101010101010040404A4
:1088F8000404040404040410101010101010414162
:10890800414141410101010101010101010101014F
:108918000101010101010101101010101010424263
:10892800424242420202020202020202020202021F
:1089380002020202020202021010101020000000BF
:10894800000000000000000000000000000000001F
:10895800000000000000000000000000000000000F
:1089680000000000000000000000000000000000FF
:1089780000000000000000000000000000000000EF
:1089880000000000000000000000000000000000DF
:1089980000000000000000000000000000000000CF
:1089A80000000000000000000000000000000000BF
:1089B80000000000000000000000000000000000AF
:0889C8001482FE7F0100000093
:0489D000B5010008E5
:0489D4009101000805
:1089D8000024F4001000000001000000AAAAAAAABE
:1089E8000E0100000050C347CDCCCC3DCDCCCC3DD2
:1089F800CDCCCC3DCDCCCC3DCDCCCC3DCDCCCC3DE7
:108A08000050C347CDCCCC3DCDCCCC3DCDCCCC3D1E
:108A1800CDCCCC3DCDCCCC3DCDCCCC3D0050C3470E
:108A2800CDCCCC3DCDCCCC3DCDCCCC3DCDCCCC3DB6
:108A3800CDCCCC3DCDCCCC3D0050C347CDCCCC3DEE
:108A4800CDCCCC3DCDCCCC3DCDCCCC3DCDCCCC3D96
:108A5800CDCCCC3D0000C842CDCCCC3DCDCCCC3D1E
:108A6800CDCCCC3DCDCCCC3DCDCCCC3DCDCCCC3D76
:108A78000000C8423333EB3A58A08B3A010000009B
:108A88007D04017C000240AB0341010553080658F0
:108A9800040700000F000810810911000A15800B57
:108AA80016000C18010D70174D6573736167655FCB
:108AB8004D616E61676572000000000000000000F3
:108AC800000000000000000000000000000000009E
:108AD8000000000000000000EC420020FF01000040
:108AE8000000000000000000000000000800000076
:108AF800000000000000000000000000000000006E
:108B0800000000000000000000000000000000005D
:108B1800000000000000000000EC420020000200FD
:108B28000000000000000000000000000008000035
:108B3800000000000000000000000000000000002D
:108B4800000000000000000000000000000000001D
:108B580000000000000000000000EC420020FF02BE
:108B680000000000000000000000000000000800F5
:108B780000000000000000000000000000000000ED
:108B880000000000000000000000000000000000DD
:108B9800000000000000000000000014430020FF57
:108BA80001000000000000000000000000000008B4
:108BB80000000000000000000000000000000000AD
:108BC800000000000000000000000000000000009D
:108BD8000000000000000000000000001443002016
:108BE800000200000000000000000000000000007B
:108BF8000800000000000000000000000000000065
:108C0800000000000000000000000000000000005C
:108C180000000000000000000000000000144300F5
:108C280020FF02000000000000000000000000001B
:108C38000008000000000000000000000000000024
:108C4800000000000000000000000000000000001C
:108C5800000000000000000000000000000000000C
:108C680000007042000020420000F0410000F04186
:108C780000007042000020420000F0410000F04176
:108C88000000F0410000000003000000C86600205A
:108C9800C402002000000000C866002030670020E1
:108CA800986700200000000000000000000000009D
:108CB80000000000000000000000000000000000AC
:108CC800000000000000000000000000000000009C
:108CD800000000000000000000000000000000008C
:0400000508008E5908
:00000001FF
